SRA;Unnamed: 0;strain;tissue;age;age(month);Sex;genotype;series_id;relation;molecule_ch1;instrument_model;SRR;end;age_class
SRX1890422;SRR3734805;strain: C57BL/6J;tissue: Hippocampus;age: 1 Month;1;sex: male;;GSE83931;BioSample: https://www.ncbi.nlm.nih.gov/biosample/SAMN05335341	SRA: https://www.ncbi.nlm.nih.gov/sra?term=SRX1890422;total RNA;Illumina HiSeq 2500;SRR3734805;single_end;class1
SRX1890421;SRR3734804;strain: C57BL/6J;tissue: Hippocampus;age: 1 Month;1;sex: male;;GSE83931;BioSample: https://www.ncbi.nlm.nih.gov/biosample/SAMN05335340	SRA: https://www.ncbi.nlm.nih.gov/sra?term=SRX1890421;total RNA;Illumina HiSeq 2500;SRR3734804;single_end;class1
SRX1890414;SRR3734797;strain: C57BL/6J;tissue: Hippocampus;age: 1 Month;1;sex: female;;GSE83931;BioSample: https://www.ncbi.nlm.nih.gov/biosample/SAMN05335333	SRA: https://www.ncbi.nlm.nih.gov/sra?term=SRX1890414;total RNA;Illumina HiSeq 2500;SRR3734797;single_end;class1
SRX1890416;SRR3734799;strain: C57BL/6J;tissue: Hippocampus;age: 1 Month;1;sex: female;;GSE83931;BioSample: https://www.ncbi.nlm.nih.gov/biosample/SAMN05335335	SRA: https://www.ncbi.nlm.nih.gov/sra?term=SRX1890416;total RNA;Illumina HiSeq 2500;SRR3734799;single_end;class1
SRX1890413;SRR3734796;strain: C57BL/6J;tissue: Hippocampus;age: 1 Month;1;sex: female;;GSE83931;BioSample: https://www.ncbi.nlm.nih.gov/biosample/SAMN05335344	SRA: https://www.ncbi.nlm.nih.gov/sra?term=SRX1890413;total RNA;Illumina HiSeq 2500;SRR3734796;single_end;class1
SRX1890415;SRR3734798;strain: C57BL/6J;tissue: Hippocampus;age: 1 Month;1;sex: female;;GSE83931;BioSample: https://www.ncbi.nlm.nih.gov/biosample/SAMN05335334	SRA: https://www.ncbi.nlm.nih.gov/sra?term=SRX1890415;total RNA;Illumina HiSeq 2500;SRR3734798;single_end;class1
SRX1890418;SRR3734801;strain: C57BL/6J;tissue: Hippocampus;age: 1 Month;1;sex: male;;GSE83931;BioSample: https://www.ncbi.nlm.nih.gov/biosample/SAMN05335337	SRA: https://www.ncbi.nlm.nih.gov/sra?term=SRX1890418;total RNA;Illumina HiSeq 2500;SRR3734801;single_end;class1
SRX1890417;SRR3734800;strain: C57BL/6J;tissue: Hippocampus;age: 1 Month;1;sex: female;;GSE83931;BioSample: https://www.ncbi.nlm.nih.gov/biosample/SAMN05335336	SRA: https://www.ncbi.nlm.nih.gov/sra?term=SRX1890417;total RNA;Illumina HiSeq 2500;SRR3734800;single_end;class1
SRX1890420;SRR3734803;strain: C57BL/6J;tissue: Hippocampus;age: 1 Month;1;sex: male;;GSE83931;BioSample: https://www.ncbi.nlm.nih.gov/biosample/SAMN05335339	SRA: https://www.ncbi.nlm.nih.gov/sra?term=SRX1890420;total RNA;Illumina HiSeq 2500;SRR3734803;single_end;class1
SRX1890419;SRR3734802;strain: C57BL/6J;tissue: Hippocampus;age: 1 Month;1;sex: male;;GSE83931;BioSample: https://www.ncbi.nlm.nih.gov/biosample/SAMN05335338	SRA: https://www.ncbi.nlm.nih.gov/sra?term=SRX1890419;total RNA;Illumina HiSeq 2500;SRR3734802;single_end;class1
SRX2918723;SRR5683646;;tissue: hippocampus;age: 2;2;sex: male;;GSE100039;BioSample: https://www.ncbi.nlm.nih.gov/biosample/SAMN07237586	SRA: https://www.ncbi.nlm.nih.gov/sra?term=SRX2918723;total RNA;Illumina HiSeq 2500;SRR5683646;paired_end;class1
SRX2918724;SRR5683647;;tissue: hippocampus;age: 2;2;sex: male;;GSE100039;BioSample: https://www.ncbi.nlm.nih.gov/biosample/SAMN07237585	SRA: https://www.ncbi.nlm.nih.gov/sra?term=SRX2918724;total RNA;Illumina HiSeq 2500;SRR5683647;paired_end;class1
SRX2918725;SRR5683648;;tissue: hippocampus;age: 2;2;sex: male;;GSE100039;BioSample: https://www.ncbi.nlm.nih.gov/biosample/SAMN07237584	SRA: https://www.ncbi.nlm.nih.gov/sra?term=SRX2918725;total RNA;Illumina HiSeq 2500;SRR5683648;paired_end;class1
SRX5386851;SRR8586306;strain: C57BL/6NJ;tissue: Whole hippocampus;age: 8-9 weeks old;2;sex: male;;GSE126678;BioSample: https://www.ncbi.nlm.nih.gov/biosample/SAMN10960821	SRA: https://www.ncbi.nlm.nih.gov/sra?term=SRX5386851;polyA RNA;Illumina HiSeq 4000;SRR8586306;single_end;class1
SRX5386852;SRR8586307;strain: C57BL/6NJ;tissue: Whole hippocampus;age: 8-9 weeks old;2;sex: male;;GSE126678;BioSample: https://www.ncbi.nlm.nih.gov/biosample/SAMN10960820	SRA: https://www.ncbi.nlm.nih.gov/sra?term=SRX5386852;polyA RNA;Illumina HiSeq 4000;SRR8586307;single_end;class1
SRX5386853;SRR8586308;strain: C57BL/6NJ;tissue: Whole hippocampus;age: 8-9 weeks old;2;sex: male;;GSE126678;BioSample: https://www.ncbi.nlm.nih.gov/biosample/SAMN10960819	SRA: https://www.ncbi.nlm.nih.gov/sra?term=SRX5386853;polyA RNA;Illumina HiSeq 4000;SRR8586308;single_end;class1
SRX5386863;SRR8586318;strain: C57BL/6NJ;tissue: Whole hippocampus;age: 8-9 weeks old;2;sex: female;;GSE126678;BioSample: https://www.ncbi.nlm.nih.gov/biosample/SAMN10960809	SRA: https://www.ncbi.nlm.nih.gov/sra?term=SRX5386863;polyA RNA;Illumina HiSeq 4000;SRR8586318;single_end;class1
SRX5386864;SRR8586319;strain: C57BL/6NJ;tissue: Whole hippocampus;age: 8-9 weeks old;2;sex: female;;GSE126678;BioSample: https://www.ncbi.nlm.nih.gov/biosample/SAMN10960808	SRA: https://www.ncbi.nlm.nih.gov/sra?term=SRX5386864;polyA RNA;Illumina HiSeq 4000;SRR8586319;single_end;class1
SRX5386865;SRR8586320;strain: C57BL/6NJ;tissue: Whole hippocampus;age: 8-9 weeks old;2;sex: female;;GSE126678;BioSample: https://www.ncbi.nlm.nih.gov/biosample/SAMN10960807	SRA: https://www.ncbi.nlm.nih.gov/sra?term=SRX5386865;polyA RNA;Illumina HiSeq 4000;SRR8586320;single_end;class1
SRX1292670	BioSample: https://www.ncbi.nlm.nih.gov/biosample/SAMN04116139;SRR2531542;strain background: C57BL/6;tissue: Brain - Hippocampus;age: 2 months;2;sex: female;genotype/variation: Wild Type;GSE73503	GSE73508;SRA: https://www.ncbi.nlm.nih.gov/sra?term=SRX1292670	BioSample: https://www.ncbi.nlm.nih.gov/biosample/SAMN04116139;total RNA;Illumina HiSeq 2000;SRR2531542;paired_end;class1
SRX1292672	BioSample: https://www.ncbi.nlm.nih.gov/biosample/SAMN04116140;SRR2531544;strain background: C57BL/6;tissue: Brain - Hippocampus;age: 2 months;2;sex: male;genotype/variation: Wild Type;GSE73503	GSE73508;SRA: https://www.ncbi.nlm.nih.gov/sra?term=SRX1292672	BioSample: https://www.ncbi.nlm.nih.gov/biosample/SAMN04116140;total RNA;Illumina HiSeq 2000;SRR2531544;paired_end;class1
SRX1292668	BioSample: https://www.ncbi.nlm.nih.gov/biosample/SAMN04116137;SRR2531540;strain background: C57BL/6;tissue: Brain - Hippocampus;age: 2 months;2;sex: female;genotype/variation: Wild Type;GSE73503	GSE73508;SRA: https://www.ncbi.nlm.nih.gov/sra?term=SRX1292668	BioSample: https://www.ncbi.nlm.nih.gov/biosample/SAMN04116137;total RNA;Illumina HiSeq 2000;SRR2531540;paired_end;class1
SRX1292673	BioSample: https://www.ncbi.nlm.nih.gov/biosample/SAMN04116142;SRR2531545;strain background: C57BL/6;tissue: Brain - Hippocampus;age: 2 months;2;sex: male;genotype/variation: Wild Type;GSE73503	GSE73508;SRA: https://www.ncbi.nlm.nih.gov/sra?term=SRX1292673	BioSample: https://www.ncbi.nlm.nih.gov/biosample/SAMN04116142;total RNA;Illumina HiSeq 2000;SRR2531545;paired_end;class1
SRX1292675	BioSample: https://www.ncbi.nlm.nih.gov/biosample/SAMN04116144;SRR2531547;strain background: C57BL/6;tissue: Brain - Hippocampus;age: 2 months;2;sex: male;genotype/variation: Wild Type;GSE73503	GSE73508;SRA: https://www.ncbi.nlm.nih.gov/sra?term=SRX1292675	BioSample: https://www.ncbi.nlm.nih.gov/biosample/SAMN04116144;total RNA;Illumina HiSeq 2000;SRR2531547;paired_end;class1
SRX1292674	BioSample: https://www.ncbi.nlm.nih.gov/biosample/SAMN04116143;SRR2531546;strain background: C57BL/6;tissue: Brain - Hippocampus;age: 2 months;2;sex: male;genotype/variation: Wild Type;GSE73503	GSE73508;SRA: https://www.ncbi.nlm.nih.gov/sra?term=SRX1292674	BioSample: https://www.ncbi.nlm.nih.gov/biosample/SAMN04116143;total RNA;Illumina HiSeq 2000;SRR2531546;paired_end;class1
SRX1292669	BioSample: https://www.ncbi.nlm.nih.gov/biosample/SAMN04116138;SRR2531541;strain background: C57BL/6;tissue: Brain - Hippocampus;age: 2 months;2;sex: female;genotype/variation: Wild Type;GSE73503	GSE73508;SRA: https://www.ncbi.nlm.nih.gov/sra?term=SRX1292669	BioSample: https://www.ncbi.nlm.nih.gov/biosample/SAMN04116138;total RNA;Illumina HiSeq 2000;SRR2531541;paired_end;class1
SRX1292671	BioSample: https://www.ncbi.nlm.nih.gov/biosample/SAMN04116141;SRR2531543;strain background: C57BL/6;tissue: Brain - Hippocampus;age: 2 months;2;sex: female;genotype/variation: Wild Type;GSE73503	GSE73508;SRA: https://www.ncbi.nlm.nih.gov/sra?term=SRX1292671	BioSample: https://www.ncbi.nlm.nih.gov/biosample/SAMN04116141;total RNA;Illumina HiSeq 2000;SRR2531543;paired_end;class1
SRX1518785;SRR3087162;strain: C57BL/6J;tissue: Hippocampus;age: 64 Days;2;sex: female;;GSE76567;BioSample: https://www.ncbi.nlm.nih.gov/biosample/SAMN04386134	SRA: https://www.ncbi.nlm.nih.gov/sra?term=SRX1518785;total RNA;Illumina HiSeq 2500;SRR3087162;single_end;class1
SRX1518784;SRR3087161;strain: C57BL/6J;tissue: Hippocampus;age: 63 Days;2;sex: male;;GSE76567;BioSample: https://www.ncbi.nlm.nih.gov/biosample/SAMN04386133	SRA: https://www.ncbi.nlm.nih.gov/sra?term=SRX1518784;total RNA;Illumina HiSeq 2500;SRR3087161;single_end;class1
SRX1518782;SRR3087159;strain: C57BL/6J;tissue: Hippocampus;age: 63 Days;2;sex: male;;GSE76567;BioSample: https://www.ncbi.nlm.nih.gov/biosample/SAMN04386131	SRA: https://www.ncbi.nlm.nih.gov/sra?term=SRX1518782;total RNA;Illumina HiSeq 2500;SRR3087159;single_end;class1
SRX1518786;SRR3087163;strain: C57BL/6J;tissue: Hippocampus;age: 64 Days;2;sex: female;;GSE76567;BioSample: https://www.ncbi.nlm.nih.gov/biosample/SAMN04386135	SRA: https://www.ncbi.nlm.nih.gov/sra?term=SRX1518786;total RNA;Illumina HiSeq 2500;SRR3087163;single_end;class1
SRX1518783;SRR3087160;strain: C57BL/6J;tissue: Hippocampus;age: 63 Days;2;sex: male;;GSE76567;BioSample: https://www.ncbi.nlm.nih.gov/biosample/SAMN04386132	SRA: https://www.ncbi.nlm.nih.gov/sra?term=SRX1518783;total RNA;Illumina HiSeq 2500;SRR3087160;single_end;class1
SRX1518787;SRR3087164;strain: C57BL/6J;tissue: Hippocampus;age: 64 Days;2;sex: female;;GSE76567;BioSample: https://www.ncbi.nlm.nih.gov/biosample/SAMN04386136	SRA: https://www.ncbi.nlm.nih.gov/sra?term=SRX1518787;total RNA;Illumina HiSeq 2500;SRR3087164;single_end;class1
SRX1890431;SRR3734814;strain: C57BL/6J;tissue: Hippocampus;age: 2 Month;2;sex: male;;GSE83931;BioSample: https://www.ncbi.nlm.nih.gov/biosample/SAMN05335321	SRA: https://www.ncbi.nlm.nih.gov/sra?term=SRX1890431;total RNA;Illumina HiSeq 2500;SRR3734814;single_end;class1
SRX1890425;SRR3734808;strain: C57BL/6J;tissue: Hippocampus;age: 2 Month;2;sex: female;;GSE83931;BioSample: https://www.ncbi.nlm.nih.gov/biosample/SAMN05335330	SRA: https://www.ncbi.nlm.nih.gov/sra?term=SRX1890425;total RNA;Illumina HiSeq 2500;SRR3734808;single_end;class1
SRX1890424;SRR3734807;strain: C57BL/6J;tissue: Hippocampus;age: 2 Month;2;sex: female;;GSE83931;BioSample: https://www.ncbi.nlm.nih.gov/biosample/SAMN05335343	SRA: https://www.ncbi.nlm.nih.gov/sra?term=SRX1890424;total RNA;Illumina HiSeq 2500;SRR3734807;single_end;class1
SRX1890430;SRR3734813;strain: C57BL/6J;tissue: Hippocampus;age: 2 Month;2;sex: male;;GSE83931;BioSample: https://www.ncbi.nlm.nih.gov/biosample/SAMN05335320	SRA: https://www.ncbi.nlm.nih.gov/sra?term=SRX1890430;total RNA;Illumina HiSeq 2500;SRR3734813;single_end;class1
SRX1890432;SRR3734815;strain: C57BL/6J;tissue: Hippocampus;age: 2 Month;2;sex: male;;GSE83931;BioSample: https://www.ncbi.nlm.nih.gov/biosample/SAMN05335322	SRA: https://www.ncbi.nlm.nih.gov/sra?term=SRX1890432;total RNA;Illumina HiSeq 2500;SRR3734815;single_end;class1
SRX1890426;SRR3734809;strain: C57BL/6J;tissue: Hippocampus;age: 2 Month;2;sex: female;;GSE83931;BioSample: https://www.ncbi.nlm.nih.gov/biosample/SAMN05335331	SRA: https://www.ncbi.nlm.nih.gov/sra?term=SRX1890426;total RNA;Illumina HiSeq 2500;SRR3734809;single_end;class1
SRX1890428;SRR3734811;strain: C57BL/6J;tissue: Hippocampus;age: 2 Month;2;sex: male;;GSE83931;BioSample: https://www.ncbi.nlm.nih.gov/biosample/SAMN05335318	SRA: https://www.ncbi.nlm.nih.gov/sra?term=SRX1890428;total RNA;Illumina HiSeq 2500;SRR3734811;single_end;class1
SRX1890427;SRR3734810;strain: C57BL/6J;tissue: Hippocampus;age: 2 Month;2;sex: female;;GSE83931;BioSample: https://www.ncbi.nlm.nih.gov/biosample/SAMN05335332	SRA: https://www.ncbi.nlm.nih.gov/sra?term=SRX1890427;total RNA;Illumina HiSeq 2500;SRR3734810;single_end;class1
SRX1890429;SRR3734812;strain: C57BL/6J;tissue: Hippocampus;age: 2 Month;2;sex: male;;GSE83931;BioSample: https://www.ncbi.nlm.nih.gov/biosample/SAMN05335319	SRA: https://www.ncbi.nlm.nih.gov/sra?term=SRX1890429;total RNA;Illumina HiSeq 2500;SRR3734812;single_end;class1
SRX1890423;SRR3734806;strain: C57BL/6J;tissue: Hippocampus;age: 2 Month;2;sex: female;;GSE83931;BioSample: https://www.ncbi.nlm.nih.gov/biosample/SAMN05335342	SRA: https://www.ncbi.nlm.nih.gov/sra?term=SRX1890423;total RNA;Illumina HiSeq 2500;SRR3734806;single_end;class1
SRX3228231;SRR6113532;strain/background: C57BL/6;tissue: hippocampus;age: 4m;4;sex: male;genotype/variation: WT;GSE104381;BioSample: https://www.ncbi.nlm.nih.gov/biosample/SAMN07715789	SRA: https://www.ncbi.nlm.nih.gov/sra?term=SRX3228231;total RNA;Illumina NextSeq 500;SRR6113532;paired_end;class1
SRX3228232;SRR6113535;strain/background: C57BL/6;tissue: hippocampus;age: 4m;4;sex: male;genotype/variation: WT;GSE104381;BioSample: https://www.ncbi.nlm.nih.gov/biosample/SAMN07715788	SRA: https://www.ncbi.nlm.nih.gov/sra?term=SRX3228232;total RNA;Illumina NextSeq 500;SRR6113535;paired_end;class1
SRX3228233;SRR6113538;strain/background: C57BL/6;tissue: hippocampus;age: 4m;4;sex: male;genotype/variation: WT;GSE104381;BioSample: https://www.ncbi.nlm.nih.gov/biosample/SAMN07715725	SRA: https://www.ncbi.nlm.nih.gov/sra?term=SRX3228233;total RNA;Illumina NextSeq 500;SRR6113538;paired_end;class1
SRX3228234;SRR6113544;strain/background: C57BL/6;tissue: hippocampus;age: 4m;4;sex: male;genotype/variation: WT;GSE104381;BioSample: https://www.ncbi.nlm.nih.gov/biosample/SAMN07715722	SRA: https://www.ncbi.nlm.nih.gov/sra?term=SRX3228234;total RNA;Illumina NextSeq 500;SRR6113544;paired_end;class1
SRX3228249;SRR6113604;strain/background: C57BL/6;tissue: hippocampus;age: 4m;4;sex: male;genotype/variation: WT;GSE104381;BioSample: https://www.ncbi.nlm.nih.gov/biosample/SAMN07715815	SRA: https://www.ncbi.nlm.nih.gov/sra?term=SRX3228249;total RNA;Illumina NextSeq 500;SRR6113604;paired_end;class1
SRX3228250;SRR6113608;strain/background: C57BL/6;tissue: hippocampus;age: 4m;4;sex: male;genotype/variation: WT;GSE104381;BioSample: https://www.ncbi.nlm.nih.gov/biosample/SAMN07715822	SRA: https://www.ncbi.nlm.nih.gov/sra?term=SRX3228250;total RNA;Illumina NextSeq 500;SRR6113608;paired_end;class1
SRX3228269;SRR6113685;strain/background: C57BL/6;tissue: hippocampus;age: 4m;4;sex: male;genotype/variation: WT;GSE104381;BioSample: https://www.ncbi.nlm.nih.gov/biosample/SAMN07715801	SRA: https://www.ncbi.nlm.nih.gov/sra?term=SRX3228269;total RNA;Illumina NextSeq 500;SRR6113685;paired_end;class1
SRX3228270;SRR6113689;strain/background: C57BL/6;tissue: hippocampus;age: 4m;4;sex: male;genotype/variation: WT;GSE104381;BioSample: https://www.ncbi.nlm.nih.gov/biosample/SAMN07715800	SRA: https://www.ncbi.nlm.nih.gov/sra?term=SRX3228270;total RNA;Illumina NextSeq 500;SRR6113689;paired_end;class1
SRX3228271;SRR6113693;strain/background: C57BL/6;tissue: hippocampus;age: 4m;4;sex: male;genotype/variation: WT;GSE104381;BioSample: https://www.ncbi.nlm.nih.gov/biosample/SAMN07715799	SRA: https://www.ncbi.nlm.nih.gov/sra?term=SRX3228271;total RNA;Illumina NextSeq 500;SRR6113693;paired_end;class1
SRX3228272;SRR6113694;strain/background: C57BL/6;tissue: hippocampus;age: 4m;4;sex: male;genotype/variation: WT;GSE104381;BioSample: https://www.ncbi.nlm.nih.gov/biosample/SAMN07715798	SRA: https://www.ncbi.nlm.nih.gov/sra?term=SRX3228272;total RNA;Illumina NextSeq 500;SRR6113694;paired_end;class1
SRX3228189;SRR6113361;strain/background: C57BL/6;tissue: hippocampus;age: 4m;4;sex: male;genotype/variation: WT;GSE104381;BioSample: https://www.ncbi.nlm.nih.gov/biosample/SAMN07715781	SRA: https://www.ncbi.nlm.nih.gov/sra?term=SRX3228189;total RNA;Illumina NextSeq 500;SRR6113361;paired_end;class1
SRX3228190;SRR6113368;strain/background: C57BL/6;tissue: hippocampus;age: 4m;4;sex: male;genotype/variation: WT;GSE104381;BioSample: https://www.ncbi.nlm.nih.gov/biosample/SAMN07715780	SRA: https://www.ncbi.nlm.nih.gov/sra?term=SRX3228190;total RNA;Illumina NextSeq 500;SRR6113368;paired_end;class1
SRX3855735;SRR6907164;"strain: 129S6;C57Bl/6J";tissue: hippocampus;age: 4 months;4;sex: male;genotype: WT;GSE112415	GSE112635;BioSample: https://www.ncbi.nlm.nih.gov/biosample/SAMN08803931	SRA: https://www.ncbi.nlm.nih.gov/sra?term=SRX3855735;total RNA;Illumina HiSeq 2500;SRR6907164;single_end;class1
SRX3855736;SRR6907165;"strain: 129S6;C57Bl/6J";tissue: hippocampus;age: 4 months;4;sex: male;genotype: WT;GSE112415	GSE112635;BioSample: https://www.ncbi.nlm.nih.gov/biosample/SAMN08803930	SRA: https://www.ncbi.nlm.nih.gov/sra?term=SRX3855736;total RNA;Illumina HiSeq 2500;SRR6907165;single_end;class1
SRX3855737;SRR6907166;"strain: 129S6;C57Bl/6J";tissue: hippocampus;age: 4 months;4;sex: male;genotype: WT;GSE112415	GSE112635;BioSample: https://www.ncbi.nlm.nih.gov/biosample/SAMN08803929	SRA: https://www.ncbi.nlm.nih.gov/sra?term=SRX3855737;total RNA;Illumina HiSeq 2500;SRR6907166;single_end;class1
SRX3855738;SRR6907167;"strain: 129S6;C57Bl/6J";tissue: hippocampus;age: 4 months;4;sex: male;genotype: WT;GSE112415	GSE112635;BioSample: https://www.ncbi.nlm.nih.gov/biosample/SAMN08803928	SRA: https://www.ncbi.nlm.nih.gov/sra?term=SRX3855738;total RNA;Illumina HiSeq 2500;SRR6907167;single_end;class1
SRX3855739;SRR6907168;"strain: 129S6;C57Bl/6J";tissue: hippocampus;age: 4 months;4;sex: male;genotype: WT;GSE112415	GSE112635;BioSample: https://www.ncbi.nlm.nih.gov/biosample/SAMN08803927	SRA: https://www.ncbi.nlm.nih.gov/sra?term=SRX3855739;total RNA;Illumina HiSeq 2500;SRR6907168;single_end;class1
SRX3855740;SRR6907169;"strain: 129S6;C57Bl/6J";tissue: hippocampus;age: 4 months;4;sex: male;genotype: WT;GSE112415	GSE112635;BioSample: https://www.ncbi.nlm.nih.gov/biosample/SAMN08803926	SRA: https://www.ncbi.nlm.nih.gov/sra?term=SRX3855740;total RNA;Illumina HiSeq 2500;SRR6907169;single_end;class1
SRX10221118;SRR13842778;strain: BL6;tissue: hippocampus;time (month): 4;4;sex: female;;GSE168137;BioSample: https://www.ncbi.nlm.nih.gov/biosample/SAMN18121807	SRA: https://www.ncbi.nlm.nih.gov/sra?term=SRX10221118;total RNA;Illumina NextSeq 500;SRR13842778;paired_end;class1
SRX10221119;SRR13842779;strain: BL6;tissue: hippocampus;time (month): 4;4;sex: female;;GSE168137;BioSample: https://www.ncbi.nlm.nih.gov/biosample/SAMN18121806	SRA: https://www.ncbi.nlm.nih.gov/sra?term=SRX10221119;total RNA;Illumina NextSeq 500;SRR13842779;paired_end;class1
SRX10221120;SRR13842780;strain: BL6;tissue: hippocampus;time (month): 4;4;sex: female;;GSE168137;BioSample: https://www.ncbi.nlm.nih.gov/biosample/SAMN18121805	SRA: https://www.ncbi.nlm.nih.gov/sra?term=SRX10221120;total RNA;Illumina NextSeq 500;SRR13842780;paired_end;class1
SRX10221121;SRR13842781;strain: BL6;tissue: hippocampus;time (month): 4;4;sex: female;;GSE168137;BioSample: https://www.ncbi.nlm.nih.gov/biosample/SAMN18121804	SRA: https://www.ncbi.nlm.nih.gov/sra?term=SRX10221121;total RNA;Illumina NextSeq 500;SRR13842781;paired_end;class1
SRX10221122;SRR13842782;strain: BL6;tissue: hippocampus;time (month): 4;4;sex: female;;GSE168137;BioSample: https://www.ncbi.nlm.nih.gov/biosample/SAMN18121803	SRA: https://www.ncbi.nlm.nih.gov/sra?term=SRX10221122;total RNA;Illumina NextSeq 500;SRR13842782;paired_end;class1
SRX10221123;SRR13842783;strain: BL6;tissue: hippocampus;time (month): 4;4;sex: male;;GSE168137;BioSample: https://www.ncbi.nlm.nih.gov/biosample/SAMN18121802	SRA: https://www.ncbi.nlm.nih.gov/sra?term=SRX10221123;total RNA;Illumina NextSeq 500;SRR13842783;paired_end;class1
SRX10221124;SRR13842784;strain: BL6;tissue: hippocampus;time (month): 4;4;sex: male;;GSE168137;BioSample: https://www.ncbi.nlm.nih.gov/biosample/SAMN18121801	SRA: https://www.ncbi.nlm.nih.gov/sra?term=SRX10221124;total RNA;Illumina NextSeq 500;SRR13842784;paired_end;class1
SRX10221125;SRR13842785;strain: BL6;tissue: hippocampus;time (month): 4;4;sex: male;;GSE168137;BioSample: https://www.ncbi.nlm.nih.gov/biosample/SAMN18121800	SRA: https://www.ncbi.nlm.nih.gov/sra?term=SRX10221125;total RNA;Illumina NextSeq 500;SRR13842785;paired_end;class1
SRX10221126;SRR13842786;strain: BL6;tissue: hippocampus;time (month): 4;4;sex: male;;GSE168137;BioSample: https://www.ncbi.nlm.nih.gov/biosample/SAMN18121785	SRA: https://www.ncbi.nlm.nih.gov/sra?term=SRX10221126;total RNA;Illumina NextSeq 500;SRR13842786;paired_end;class1
SRX10221127;SRR13842787;strain: BL6;tissue: hippocampus;time (month): 4;4;sex: male;;GSE168137;BioSample: https://www.ncbi.nlm.nih.gov/biosample/SAMN18121784	SRA: https://www.ncbi.nlm.nih.gov/sra?term=SRX10221127;total RNA;Illumina NextSeq 500;SRR13842787;paired_end;class1
SRX1890435;SRR3734818;strain: C57BL/6J;tissue: Hippocampus;age: 4 Month;4;sex: female;;GSE83931;BioSample: https://www.ncbi.nlm.nih.gov/biosample/SAMN05335325	SRA: https://www.ncbi.nlm.nih.gov/sra?term=SRX1890435;total RNA;Illumina HiSeq 2500;SRR3734818;single_end;class1
SRX1890439;SRR3734822;strain: C57BL/6J;tissue: Hippocampus;age: 4 Month;4;sex: male;;GSE83931;BioSample: https://www.ncbi.nlm.nih.gov/biosample/SAMN05335329	SRA: https://www.ncbi.nlm.nih.gov/sra?term=SRX1890439;total RNA;Illumina HiSeq 2500;SRR3734822;single_end;class1
SRX1890433;SRR3734816;strain: C57BL/6J;tissue: Hippocampus;age: 4 Month;4;sex: female;;GSE83931;BioSample: https://www.ncbi.nlm.nih.gov/biosample/SAMN05335323	SRA: https://www.ncbi.nlm.nih.gov/sra?term=SRX1890433;total RNA;Illumina HiSeq 2500;SRR3734816;single_end;class1
SRX1890437;SRR3734820;strain: C57BL/6J;tissue: Hippocampus;age: 4 Month;4;sex: female;;GSE83931;BioSample: https://www.ncbi.nlm.nih.gov/biosample/SAMN05335327	SRA: https://www.ncbi.nlm.nih.gov/sra?term=SRX1890437;total RNA;Illumina HiSeq 2500;SRR3734820;single_end;class1
SRX1890438;SRR3734821;strain: C57BL/6J;tissue: Hippocampus;age: 4 Month;4;sex: male;;GSE83931;BioSample: https://www.ncbi.nlm.nih.gov/biosample/SAMN05335328	SRA: https://www.ncbi.nlm.nih.gov/sra?term=SRX1890438;total RNA;Illumina HiSeq 2500;SRR3734821;single_end;class1
SRX1890442;SRR3734825;strain: C57BL/6J;tissue: Hippocampus;age: 4 Month;4;sex: male;;GSE83931;BioSample: https://www.ncbi.nlm.nih.gov/biosample/SAMN05335347	SRA: https://www.ncbi.nlm.nih.gov/sra?term=SRX1890442;total RNA;Illumina HiSeq 2500;SRR3734825;single_end;class1
SRX1890441;SRR3734824;strain: C57BL/6J;tissue: Hippocampus;age: 4 Month;4;sex: male;;GSE83931;BioSample: https://www.ncbi.nlm.nih.gov/biosample/SAMN05335346	SRA: https://www.ncbi.nlm.nih.gov/sra?term=SRX1890441;total RNA;Illumina HiSeq 2500;SRR3734824;single_end;class1
SRX1890440;SRR3734823;strain: C57BL/6J;tissue: Hippocampus;age: 4 Month;4;sex: male;;GSE83931;BioSample: https://www.ncbi.nlm.nih.gov/biosample/SAMN05335345	SRA: https://www.ncbi.nlm.nih.gov/sra?term=SRX1890440;total RNA;Illumina HiSeq 2500;SRR3734823;single_end;class1
SRX1890436;SRR3734819;strain: C57BL/6J;tissue: Hippocampus;age: 4 Month;4;sex: female;;GSE83931;BioSample: https://www.ncbi.nlm.nih.gov/biosample/SAMN05335326	SRA: https://www.ncbi.nlm.nih.gov/sra?term=SRX1890436;total RNA;Illumina HiSeq 2500;SRR3734819;single_end;class1
SRX1890434;SRR3734817;strain: C57BL/6J;tissue: Hippocampus;age: 4 Month;4;sex: female;;GSE83931;BioSample: https://www.ncbi.nlm.nih.gov/biosample/SAMN05335324	SRA: https://www.ncbi.nlm.nih.gov/sra?term=SRX1890434;total RNA;Illumina HiSeq 2500;SRR3734817;single_end;class1
SRX3110404;SRR5951840;strain background: C57BL/6J;"tissue: brain; hippocampus";age: 20 weeks;5;sex: male;genotype/variation: Wild-type;GSE102849;BioSample: https://www.ncbi.nlm.nih.gov/biosample/SAMN07522693	SRA: https://www.ncbi.nlm.nih.gov/sra?term=SRX3110404;polyA RNA;Illumina NextSeq 500;SRR5951840;paired_end;class1
SRX3110405;SRR5951841;strain background: C57BL/6J;"tissue: brain; hippocampus";age: 20 weeks;5;sex: male;genotype/variation: Wild-type;GSE102849;BioSample: https://www.ncbi.nlm.nih.gov/biosample/SAMN07522692	SRA: https://www.ncbi.nlm.nih.gov/sra?term=SRX3110405;polyA RNA;Illumina NextSeq 500;SRR5951841;paired_end;class1
SRX3110406;SRR5951842;strain background: C57BL/6J;"tissue: brain; hippocampus";age: 20 weeks;5;sex: male;genotype/variation: Wild-type;GSE102849;BioSample: https://www.ncbi.nlm.nih.gov/biosample/SAMN07522691	SRA: https://www.ncbi.nlm.nih.gov/sra?term=SRX3110406;polyA RNA;Illumina NextSeq 500;SRR5951842;paired_end;class1
SRX3110407;SRR5951843;strain background: C57BL/6J;"tissue: brain; hippocampus";age: 20 weeks;5;sex: male;genotype/variation: Wild-type;GSE102849;BioSample: https://www.ncbi.nlm.nih.gov/biosample/SAMN07522690	SRA: https://www.ncbi.nlm.nih.gov/sra?term=SRX3110407;polyA RNA;Illumina NextSeq 500;SRR5951843;paired_end;class1
SRX3752141;SRR6793109;strain: C57BL/6;tissue: brain, hippocampus;age: 5 months;5;sex: male;perturbation: none;GSE111270;['BioSample: https://www.ncbi.nlm.nih.gov/biosample/SAMN08623865', 'SRA: https://www.ncbi.nlm.nih.gov/sra?term=SRX3752141'];['total RNA'];['Illumina HiSeq 2500'];SRR6793109;single_end;class1
SRX3752142;SRR6793110;strain: C57BL/6;tissue: brain, hippocampus;age: 5 months;5;sex: male;perturbation: none;GSE111270;['BioSample: https://www.ncbi.nlm.nih.gov/biosample/SAMN08623864', 'SRA: https://www.ncbi.nlm.nih.gov/sra?term=SRX3752142'];['total RNA'];['Illumina HiSeq 2500'];SRR6793110;single_end;class1
SRX3752143;SRR6793111;strain: C57BL/6;tissue: brain, hippocampus;age: 5 months;5;sex: male;perturbation: none;GSE111270;['BioSample: https://www.ncbi.nlm.nih.gov/biosample/SAMN08623863', 'SRA: https://www.ncbi.nlm.nih.gov/sra?term=SRX3752143'];['total RNA'];['Illumina HiSeq 2500'];SRR6793111;single_end;class1
SRX3752144;SRR6793112;strain: C57BL/6;tissue: brain, hippocampus;age: 5 months;5;sex: male;perturbation: none;GSE111270;['BioSample: https://www.ncbi.nlm.nih.gov/biosample/SAMN08623862', 'SRA: https://www.ncbi.nlm.nih.gov/sra?term=SRX3752144'];['total RNA'];['Illumina HiSeq 2500'];SRR6793112;single_end;class1
SRX3752145;SRR6793113;strain: C57BL/6;tissue: brain, hippocampus;age: 5 months;5;sex: male;perturbation: none;GSE111270;['BioSample: https://www.ncbi.nlm.nih.gov/biosample/SAMN08623861', 'SRA: https://www.ncbi.nlm.nih.gov/sra?term=SRX3752145'];['total RNA'];['Illumina HiSeq 2500'];SRR6793113;single_end;class1
SRX3752146;SRR6793114;strain: C57BL/6;tissue: brain, hippocampus;age: 5 months;5;sex: male;perturbation: none;GSE111270;['BioSample: https://www.ncbi.nlm.nih.gov/biosample/SAMN08623860', 'SRA: https://www.ncbi.nlm.nih.gov/sra?term=SRX3752146'];['total RNA'];['Illumina HiSeq 2500'];SRR6793114;single_end;class1
SRX3752147;SRR6793115;strain: C57BL/6;tissue: brain, hippocampus;age: 5 months;5;sex: male;perturbation: none;GSE111270;['BioSample: https://www.ncbi.nlm.nih.gov/biosample/SAMN08623859', 'SRA: https://www.ncbi.nlm.nih.gov/sra?term=SRX3752147'];['total RNA'];['Illumina HiSeq 2500'];SRR6793115;single_end;class1
SRX3752148;SRR6793116;strain: C57BL/6;tissue: brain, hippocampus;age: 5 months;5;sex: male;perturbation: none;GSE111270;['BioSample: https://www.ncbi.nlm.nih.gov/biosample/SAMN08623854', 'SRA: https://www.ncbi.nlm.nih.gov/sra?term=SRX3752148'];['total RNA'];['Illumina HiSeq 2500'];SRR6793116;single_end;class1
SRX3752149;SRR6793117;strain: C57BL/6;tissue: brain, hippocampus;age: 5 months;5;sex: male;perturbation: none;GSE111270;['BioSample: https://www.ncbi.nlm.nih.gov/biosample/SAMN08623858', 'SRA: https://www.ncbi.nlm.nih.gov/sra?term=SRX3752149'];['total RNA'];['Illumina HiSeq 2500'];SRR6793117;single_end;class1
SRX3752150;SRR6793118;strain: C57BL/6;tissue: brain, hippocampus;age: 5 months;5;sex: male;perturbation: none;GSE111270;['BioSample: https://www.ncbi.nlm.nih.gov/biosample/SAMN08623857', 'SRA: https://www.ncbi.nlm.nih.gov/sra?term=SRX3752150'];['total RNA'];['Illumina HiSeq 2500'];SRR6793118;single_end;class1
SRX2995451;SRR5817119;bxd strain: B6;tissue: Hippocampus;age: 6;6;sex: female;genotype: Ntg;GSE101144;['BioSample: https://www.ncbi.nlm.nih.gov/biosample/SAMN07341987', 'SRA: https://www.ncbi.nlm.nih.gov/sra?term=SRX2995451'];['polyA RNA'];['Illumina HiSeq 2500'];SRR5817119;paired_end;class2
SRX2995452;SRR5817120;bxd strain: 44;tissue: Hippocampus;age: 6;6;sex: female;genotype: Ntg;GSE101144;['BioSample: https://www.ncbi.nlm.nih.gov/biosample/SAMN07341986', 'SRA: https://www.ncbi.nlm.nih.gov/sra?term=SRX2995452'];['polyA RNA'];['Illumina HiSeq 2500'];SRR5817120;paired_end;class2
SRX2995455;SRR5817123;bxd strain: 60;tissue: Hippocampus;age: 6;6;sex: female;genotype: Ntg;GSE101144;['BioSample: https://www.ncbi.nlm.nih.gov/biosample/SAMN07341983', 'SRA: https://www.ncbi.nlm.nih.gov/sra?term=SRX2995455'];['polyA RNA'];['Illumina HiSeq 2500'];SRR5817123;paired_end;class2
SRX2995457;SRR5817125;bxd strain: D2;tissue: Hippocampus;age: 6;6;sex: female;genotype: Ntg;GSE101144;['BioSample: https://www.ncbi.nlm.nih.gov/biosample/SAMN07341981', 'SRA: https://www.ncbi.nlm.nih.gov/sra?term=SRX2995457'];['polyA RNA'];['Illumina HiSeq 2500'];SRR5817125;paired_end;class2
SRX2995458;SRR5817126;bxd strain: 68;tissue: Hippocampus;age: 6;6;sex: female;genotype: Ntg;GSE101144;['BioSample: https://www.ncbi.nlm.nih.gov/biosample/SAMN07341980', 'SRA: https://www.ncbi.nlm.nih.gov/sra?term=SRX2995458'];['polyA RNA'];['Illumina HiSeq 2500'];SRR5817126;paired_end;class2
SRX2995463;SRR5817131;bxd strain: 100;tissue: Hippocampus;age: 6;6;sex: female;genotype: Ntg;GSE101144;['BioSample: https://www.ncbi.nlm.nih.gov/biosample/SAMN07341975', 'SRA: https://www.ncbi.nlm.nih.gov/sra?term=SRX2995463'];['polyA RNA'];['Illumina HiSeq 2500'];SRR5817131;paired_end;class2
SRX2995465;SRR5817133;bxd strain: 77;tissue: Hippocampus;age: 6;6;sex: female;genotype: Ntg;GSE101144;['BioSample: https://www.ncbi.nlm.nih.gov/biosample/SAMN07341945', 'SRA: https://www.ncbi.nlm.nih.gov/sra?term=SRX2995465'];['polyA RNA'];['Illumina HiSeq 2500'];SRR5817133;paired_end;class2
SRX2995466;SRR5817134;bxd strain: 87;tissue: Hippocampus;age: 6;6;sex: female;genotype: Ntg;GSE101144;['BioSample: https://www.ncbi.nlm.nih.gov/biosample/SAMN07341944', 'SRA: https://www.ncbi.nlm.nih.gov/sra?term=SRX2995466'];['polyA RNA'];['Illumina HiSeq 2500'];SRR5817134;paired_end;class2
SRX2995468;SRR5817136;bxd strain: D2;tissue: Hippocampus;age: 6;6;sex: female;genotype: Ntg;GSE101144;['BioSample: https://www.ncbi.nlm.nih.gov/biosample/SAMN07341972', 'SRA: https://www.ncbi.nlm.nih.gov/sra?term=SRX2995468'];['polyA RNA'];['Illumina HiSeq 2500'];SRR5817136;paired_end;class2
SRX2995469;SRR5817137;bxd strain: 32;tissue: Hippocampus;age: 6;6;sex: female;genotype: Ntg;GSE101144;['BioSample: https://www.ncbi.nlm.nih.gov/biosample/SAMN07341971', 'SRA: https://www.ncbi.nlm.nih.gov/sra?term=SRX2995469'];['polyA RNA'];['Illumina HiSeq 2500'];SRR5817137;paired_end;class2
SRX2995470;SRR5817138;bxd strain: 66;tissue: Hippocampus;age: 6;6;sex: female;genotype: Ntg;GSE101144;['BioSample: https://www.ncbi.nlm.nih.gov/biosample/SAMN07341970', 'SRA: https://www.ncbi.nlm.nih.gov/sra?term=SRX2995470'];['polyA RNA'];['Illumina HiSeq 2500'];SRR5817138;paired_end;class2
SRX2995471;SRR5817139;bxd strain: 60;tissue: Hippocampus;age: 6;6;sex: female;genotype: Ntg;GSE101144;['BioSample: https://www.ncbi.nlm.nih.gov/biosample/SAMN07341969', 'SRA: https://www.ncbi.nlm.nih.gov/sra?term=SRX2995471'];['polyA RNA'];['Illumina HiSeq 2500'];SRR5817139;paired_end;class2
SRX2995472;SRR5817140;bxd strain: 69;tissue: Hippocampus;age: 6;6;sex: female;genotype: Ntg;GSE101144;['BioSample: https://www.ncbi.nlm.nih.gov/biosample/SAMN07341968', 'SRA: https://www.ncbi.nlm.nih.gov/sra?term=SRX2995472'];['polyA RNA'];['Illumina HiSeq 2500'];SRR5817140;paired_end;class2
SRX2995473;SRR5817141;bxd strain: 68;tissue: Hippocampus;age: 6;6;sex: female;genotype: Ntg;GSE101144;['BioSample: https://www.ncbi.nlm.nih.gov/biosample/SAMN07342047', 'SRA: https://www.ncbi.nlm.nih.gov/sra?term=SRX2995473'];['polyA RNA'];['Illumina HiSeq 2500'];SRR5817141;paired_end;class2
SRX2995477;SRR5817145;bxd strain: 61;tissue: Hippocampus;age: 6;6;sex: female;genotype: Ntg;GSE101144;['BioSample: https://www.ncbi.nlm.nih.gov/biosample/SAMN07342043', 'SRA: https://www.ncbi.nlm.nih.gov/sra?term=SRX2995477'];['polyA RNA'];['Illumina HiSeq 2500'];SRR5817145;paired_end;class2
SRX2995478;SRR5817146;bxd strain: 62;tissue: Hippocampus;age: 6;6;sex: female;genotype: Ntg;GSE101144;['BioSample: https://www.ncbi.nlm.nih.gov/biosample/SAMN07342042', 'SRA: https://www.ncbi.nlm.nih.gov/sra?term=SRX2995478'];['polyA RNA'];['Illumina HiSeq 2500'];SRR5817146;paired_end;class2
SRX2995479;SRR5817147;bxd strain: D2;tissue: Hippocampus;age: 6;6;sex: female;genotype: Ntg;GSE101144;['BioSample: https://www.ncbi.nlm.nih.gov/biosample/SAMN07342041', 'SRA: https://www.ncbi.nlm.nih.gov/sra?term=SRX2995479'];['polyA RNA'];['Illumina HiSeq 2500'];SRR5817147;paired_end;class2
SRX2995481;SRR5817149;bxd strain: B6;tissue: Hippocampus;age: 6;6;sex: male;genotype: Ntg;GSE101144;['BioSample: https://www.ncbi.nlm.nih.gov/biosample/SAMN07342039', 'SRA: https://www.ncbi.nlm.nih.gov/sra?term=SRX2995481'];['polyA RNA'];['Illumina HiSeq 2500'];SRR5817149;paired_end;class2
SRX2995485;SRR5817153;bxd strain: D2;tissue: Hippocampus;age: 6;6;sex: male;genotype: Ntg;GSE101144;['BioSample: https://www.ncbi.nlm.nih.gov/biosample/SAMN07342035', 'SRA: https://www.ncbi.nlm.nih.gov/sra?term=SRX2995485'];['polyA RNA'];['Illumina HiSeq 2500'];SRR5817153;paired_end;class2
SRX2995486;SRR5817154;bxd strain: 87;tissue: Hippocampus;age: 6;6;sex: male;genotype: Ntg;GSE101144;['BioSample: https://www.ncbi.nlm.nih.gov/biosample/SAMN07342034', 'SRA: https://www.ncbi.nlm.nih.gov/sra?term=SRX2995486'];['polyA RNA'];['Illumina HiSeq 2500'];SRR5817154;paired_end;class2
SRX2995487;SRR5817155;bxd strain: 61;tissue: Hippocampus;age: 6;6;sex: male;genotype: Ntg;GSE101144;['BioSample: https://www.ncbi.nlm.nih.gov/biosample/SAMN07342033', 'SRA: https://www.ncbi.nlm.nih.gov/sra?term=SRX2995487'];['polyA RNA'];['Illumina HiSeq 2500'];SRR5817155;paired_end;class2
SRX2995490;SRR5817158;bxd strain: D2;tissue: Hippocampus;age: 6;6;sex: male;genotype: Ntg;GSE101144;['BioSample: https://www.ncbi.nlm.nih.gov/biosample/SAMN07342030', 'SRA: https://www.ncbi.nlm.nih.gov/sra?term=SRX2995490'];['polyA RNA'];['Illumina HiSeq 2500'];SRR5817158;paired_end;class2
SRX2995492;SRR5817160;bxd strain: B6;tissue: Hippocampus;age: 6;6;sex: male;genotype: Ntg;GSE101144;['BioSample: https://www.ncbi.nlm.nih.gov/biosample/SAMN07342028', 'SRA: https://www.ncbi.nlm.nih.gov/sra?term=SRX2995492'];['polyA RNA'];['Illumina HiSeq 2500'];SRR5817160;paired_end;class2
SRX2995493;SRR5817161;bxd strain: 44;tissue: Hippocampus;age: 6;6;sex: male;genotype: Ntg;GSE101144;['BioSample: https://www.ncbi.nlm.nih.gov/biosample/SAMN07342027', 'SRA: https://www.ncbi.nlm.nih.gov/sra?term=SRX2995493'];['polyA RNA'];['Illumina HiSeq 2500'];SRR5817161;paired_end;class2
SRX2995496;SRR5817164;bxd strain: 65;tissue: Hippocampus;age: 6;6;sex: male;genotype: Ntg;GSE101144;['BioSample: https://www.ncbi.nlm.nih.gov/biosample/SAMN07342025', 'SRA: https://www.ncbi.nlm.nih.gov/sra?term=SRX2995496'];['polyA RNA'];['Illumina HiSeq 2500'];SRR5817164;paired_end;class2
SRX2995497;SRR5817165;bxd strain: 32;tissue: Hippocampus;age: 6;6;sex: male;genotype: Ntg;GSE101144;['BioSample: https://www.ncbi.nlm.nih.gov/biosample/SAMN07342024', 'SRA: https://www.ncbi.nlm.nih.gov/sra?term=SRX2995497'];['polyA RNA'];['Illumina HiSeq 2500'];SRR5817165;paired_end;class2
SRX2995501;SRR5817169;bxd strain: D2;tissue: Hippocampus;age: 6;6;sex: male;genotype: Ntg;GSE101144;['BioSample: https://www.ncbi.nlm.nih.gov/biosample/SAMN07341940', 'SRA: https://www.ncbi.nlm.nih.gov/sra?term=SRX2995501'];['polyA RNA'];['Illumina HiSeq 2500'];SRR5817169;paired_end;class2
SRX2995503;SRR5817171;bxd strain: 68;tissue: Hippocampus;age: 6;6;sex: male;genotype: Ntg;GSE101144;['BioSample: https://www.ncbi.nlm.nih.gov/biosample/SAMN07341937', 'SRA: https://www.ncbi.nlm.nih.gov/sra?term=SRX2995503'];['polyA RNA'];['Illumina HiSeq 2500'];SRR5817171;paired_end;class2
SRX2995506;SRR5817174;bxd strain: 66;tissue: Hippocampus;age: 6;6;sex: male;genotype: Ntg;GSE101144;['BioSample: https://www.ncbi.nlm.nih.gov/biosample/SAMN07341934', 'SRA: https://www.ncbi.nlm.nih.gov/sra?term=SRX2995506'];['polyA RNA'];['Illumina HiSeq 2500'];SRR5817174;paired_end;class2
SRX2995508;SRR5817176;bxd strain: 77;tissue: Hippocampus;age: 6;6;sex: male;genotype: Ntg;GSE101144;['BioSample: https://www.ncbi.nlm.nih.gov/biosample/SAMN07341932', 'SRA: https://www.ncbi.nlm.nih.gov/sra?term=SRX2995508'];['polyA RNA'];['Illumina HiSeq 2500'];SRR5817176;paired_end;class2
SRX2995509;SRR5817177;bxd strain: 62;tissue: Hippocampus;age: 6;6;sex: male;genotype: Ntg;GSE101144;['BioSample: https://www.ncbi.nlm.nih.gov/biosample/SAMN07341931', 'SRA: https://www.ncbi.nlm.nih.gov/sra?term=SRX2995509'];['polyA RNA'];['Illumina HiSeq 2500'];SRR5817177;paired_end;class2
SRX10264341;SRR13884018;;tissue: hippocampus;age: 6m;6;sex: female;genotype: WT;GSE168430	GSE168431;BioSample: https://www.ncbi.nlm.nih.gov/biosample/SAMN18204674	SRA: https://www.ncbi.nlm.nih.gov/sra?term=SRX10264341;polyA RNA;Illumina HiSeq 2500;SRR13884018;paired_end;class2
SRX10264347;SRR13884030;;tissue: hippocampus;age: 6m;6;sex: female;genotype: WT;GSE168430	GSE168431;BioSample: https://www.ncbi.nlm.nih.gov/biosample/SAMN18204668	SRA: https://www.ncbi.nlm.nih.gov/sra?term=SRX10264347;polyA RNA;Illumina HiSeq 2500;SRR13884030;paired_end;class2
SRX10264353;SRR13884042;;tissue: hippocampus;age: 6m;6;sex: female;genotype: WT;GSE168430	GSE168431;BioSample: https://www.ncbi.nlm.nih.gov/biosample/SAMN18204697	SRA: https://www.ncbi.nlm.nih.gov/sra?term=SRX10264353;polyA RNA;Illumina HiSeq 2500;SRR13884042;paired_end;class2
SRX10264359;SRR13884054;;tissue: hippocampus;age: 6m;6;sex: female;genotype: WT;GSE168430	GSE168431;BioSample: https://www.ncbi.nlm.nih.gov/biosample/SAMN18204619	SRA: https://www.ncbi.nlm.nih.gov/sra?term=SRX10264359;polyA RNA;Illumina HiSeq 2500;SRR13884054;paired_end;class2
SRX1292676	BioSample: https://www.ncbi.nlm.nih.gov/biosample/SAMN04116145;SRR2531548;strain background: C57BL/6;tissue: Brain - Hippocampus;age: 6 months;6;sex: female;genotype/variation: Wild Type;GSE73503	GSE73508;SRA: https://www.ncbi.nlm.nih.gov/sra?term=SRX1292676	BioSample: https://www.ncbi.nlm.nih.gov/biosample/SAMN04116145;total RNA;Illumina HiSeq 2000;SRR2531548;paired_end;class2
SRX1292681	BioSample: https://www.ncbi.nlm.nih.gov/biosample/SAMN04116149;SRR2531553;strain background: C57BL/6;tissue: Brain - Hippocampus;age: 6 months;6;sex: male;genotype/variation: Wild Type;GSE73503	GSE73508;SRA: https://www.ncbi.nlm.nih.gov/sra?term=SRX1292681	BioSample: https://www.ncbi.nlm.nih.gov/biosample/SAMN04116149;total RNA;Illumina HiSeq 2000;SRR2531553;paired_end;class2
SRX1292679	BioSample: https://www.ncbi.nlm.nih.gov/biosample/SAMN04116148;SRR2531551;strain background: C57BL/6;tissue: Brain - Hippocampus;age: 6 months;6;sex: female;genotype/variation: Wild Type;GSE73503	GSE73508;SRA: https://www.ncbi.nlm.nih.gov/sra?term=SRX1292679	BioSample: https://www.ncbi.nlm.nih.gov/biosample/SAMN04116148;total RNA;Illumina HiSeq 2000;SRR2531551;paired_end;class2
SRX1292677	BioSample: https://www.ncbi.nlm.nih.gov/biosample/SAMN04116146;SRR2531549;strain background: C57BL/6;tissue: Brain - Hippocampus;age: 6 months;6;sex: female;genotype/variation: Wild Type;GSE73503	GSE73508;SRA: https://www.ncbi.nlm.nih.gov/sra?term=SRX1292677	BioSample: https://www.ncbi.nlm.nih.gov/biosample/SAMN04116146;total RNA;Illumina HiSeq 2000;SRR2531549;paired_end;class2
SRX1292682	BioSample: https://www.ncbi.nlm.nih.gov/biosample/SAMN04116151;SRR2531554;strain background: C57BL/6;tissue: Brain - Hippocampus;age: 6 months;6;sex: male;genotype/variation: Wild Type;GSE73503	GSE73508;SRA: https://www.ncbi.nlm.nih.gov/sra?term=SRX1292682	BioSample: https://www.ncbi.nlm.nih.gov/biosample/SAMN04116151;total RNA;Illumina HiSeq 2000;SRR2531554;paired_end;class2
SRX1292680	BioSample: https://www.ncbi.nlm.nih.gov/biosample/SAMN04116150;SRR2531552;strain background: C57BL/6;tissue: Brain - Hippocampus;age: 6 months;6;sex: male;genotype/variation: Wild Type;GSE73503	GSE73508;SRA: https://www.ncbi.nlm.nih.gov/sra?term=SRX1292680	BioSample: https://www.ncbi.nlm.nih.gov/biosample/SAMN04116150;total RNA;Illumina HiSeq 2000;SRR2531552;paired_end;class2
SRX1292678	BioSample: https://www.ncbi.nlm.nih.gov/biosample/SAMN04116147;SRR2531550;strain background: C57BL/6;tissue: Brain - Hippocampus;age: 6 months;6;sex: female;genotype/variation: Wild Type;GSE73503	GSE73508;SRA: https://www.ncbi.nlm.nih.gov/sra?term=SRX1292678	BioSample: https://www.ncbi.nlm.nih.gov/biosample/SAMN04116147;total RNA;Illumina HiSeq 2000;SRR2531550;paired_end;class2
SRX1292683	BioSample: https://www.ncbi.nlm.nih.gov/biosample/SAMN04116152;SRR2531555;strain background: C57BL/6;tissue: Brain - Hippocampus;age: 6 months;6;sex: male;genotype/variation: Wild Type;GSE73503	GSE73508;SRA: https://www.ncbi.nlm.nih.gov/sra?term=SRX1292683	BioSample: https://www.ncbi.nlm.nih.gov/biosample/SAMN04116152;total RNA;Illumina HiSeq 2000;SRR2531555;paired_end;class2
SRX3228273;SRR6113701;strain/background: C57BL/6;tissue: hippocampus;age: 8m;8;sex: male;genotype/variation: WT;GSE104381;BioSample: https://www.ncbi.nlm.nih.gov/biosample/SAMN07715797	SRA: https://www.ncbi.nlm.nih.gov/sra?term=SRX3228273;total RNA;Illumina NextSeq 500;SRR6113701;paired_end;class2
SRX3228274;SRR6113705;strain/background: C57BL/6;tissue: hippocampus;age: 8m;8;sex: male;genotype/variation: WT;GSE104381;BioSample: https://www.ncbi.nlm.nih.gov/biosample/SAMN07715796	SRA: https://www.ncbi.nlm.nih.gov/sra?term=SRX3228274;total RNA;Illumina NextSeq 500;SRR6113705;paired_end;class2
SRX3228275;SRR6113709;strain/background: C57BL/6;tissue: hippocampus;age: 8m;8;sex: male;genotype/variation: WT;GSE104381;BioSample: https://www.ncbi.nlm.nih.gov/biosample/SAMN07715795	SRA: https://www.ncbi.nlm.nih.gov/sra?term=SRX3228275;total RNA;Illumina NextSeq 500;SRR6113709;paired_end;class2
SRX3228276;SRR6113713;strain/background: C57BL/6;tissue: hippocampus;age: 8m;8;sex: male;genotype/variation: WT;GSE104381;BioSample: https://www.ncbi.nlm.nih.gov/biosample/SAMN07715794	SRA: https://www.ncbi.nlm.nih.gov/sra?term=SRX3228276;total RNA;Illumina NextSeq 500;SRR6113713;paired_end;class2
SRX3228277;SRR6113717;strain/background: C57BL/6;tissue: hippocampus;age: 8m;8;sex: male;genotype/variation: WT;GSE104381;BioSample: https://www.ncbi.nlm.nih.gov/biosample/SAMN07715776	SRA: https://www.ncbi.nlm.nih.gov/sra?term=SRX3228277;total RNA;Illumina NextSeq 500;SRR6113717;paired_end;class2
SRX3228278;SRR6113721;strain/background: C57BL/6;tissue: hippocampus;age: 8m;8;sex: male;genotype/variation: WT;GSE104381;BioSample: https://www.ncbi.nlm.nih.gov/biosample/SAMN07715775	SRA: https://www.ncbi.nlm.nih.gov/sra?term=SRX3228278;total RNA;Illumina NextSeq 500;SRR6113721;paired_end;class2
SRX3228279;SRR6113725;strain/background: C57BL/6;tissue: hippocampus;age: 8m;8;sex: male;genotype/variation: WT;GSE104381;BioSample: https://www.ncbi.nlm.nih.gov/biosample/SAMN07715774	SRA: https://www.ncbi.nlm.nih.gov/sra?term=SRX3228279;total RNA;Illumina NextSeq 500;SRR6113725;paired_end;class2
SRX3228280;SRR6113729;strain/background: C57BL/6;tissue: hippocampus;age: 8m;8;sex: male;genotype/variation: WT;GSE104381;BioSample: https://www.ncbi.nlm.nih.gov/biosample/SAMN07715773	SRA: https://www.ncbi.nlm.nih.gov/sra?term=SRX3228280;total RNA;Illumina NextSeq 500;SRR6113729;paired_end;class2
SRX3228281;SRR6113733;strain/background: C57BL/6;tissue: hippocampus;age: 8m;8;sex: male;genotype/variation: WT;GSE104381;BioSample: https://www.ncbi.nlm.nih.gov/biosample/SAMN07715772	SRA: https://www.ncbi.nlm.nih.gov/sra?term=SRX3228281;total RNA;Illumina NextSeq 500;SRR6113733;paired_end;class2
SRX3228282;SRR6113737;strain/background: C57BL/6;tissue: hippocampus;age: 8m;8;sex: male;genotype/variation: WT;GSE104381;BioSample: https://www.ncbi.nlm.nih.gov/biosample/SAMN07715771	SRA: https://www.ncbi.nlm.nih.gov/sra?term=SRX3228282;total RNA;Illumina NextSeq 500;SRR6113737;paired_end;class2
SRX3228285;SRR6113749;strain/background: C57BL/6;tissue: hippocampus;age: 8m;8;sex: male;genotype/variation: WT;GSE104381;BioSample: https://www.ncbi.nlm.nih.gov/biosample/SAMN07715768	SRA: https://www.ncbi.nlm.nih.gov/sra?term=SRX3228285;total RNA;Illumina NextSeq 500;SRR6113749;paired_end;class2
SRX3228286;SRR6113753;strain/background: C57BL/6;tissue: hippocampus;age: 8m;8;sex: male;genotype/variation: WT;GSE104381;BioSample: https://www.ncbi.nlm.nih.gov/biosample/SAMN07715767	SRA: https://www.ncbi.nlm.nih.gov/sra?term=SRX3228286;total RNA;Illumina NextSeq 500;SRR6113753;paired_end;class2
SRX3228287;SRR6113757;strain/background: C57BL/6;tissue: hippocampus;age: 8m;8;sex: male;genotype/variation: WT;GSE104381;BioSample: https://www.ncbi.nlm.nih.gov/biosample/SAMN07715766	SRA: https://www.ncbi.nlm.nih.gov/sra?term=SRX3228287;total RNA;Illumina NextSeq 500;SRR6113757;paired_end;class2
SRX3228288;SRR6113761;strain/background: C57BL/6;tissue: hippocampus;age: 8m;8;sex: male;genotype/variation: WT;GSE104381;BioSample: https://www.ncbi.nlm.nih.gov/biosample/SAMN07715765	SRA: https://www.ncbi.nlm.nih.gov/sra?term=SRX3228288;total RNA;Illumina NextSeq 500;SRR6113761;paired_end;class2
SRX3228289;SRR6113765;strain/background: C57BL/6;tissue: hippocampus;age: 8m;8;sex: male;genotype/variation: WT;GSE104381;BioSample: https://www.ncbi.nlm.nih.gov/biosample/SAMN07715764	SRA: https://www.ncbi.nlm.nih.gov/sra?term=SRX3228289;total RNA;Illumina NextSeq 500;SRR6113765;paired_end;class2
SRX3228290;SRR6113769;strain/background: C57BL/6;tissue: hippocampus;age: 8m;8;sex: male;genotype/variation: WT;GSE104381;BioSample: https://www.ncbi.nlm.nih.gov/biosample/SAMN07715763	SRA: https://www.ncbi.nlm.nih.gov/sra?term=SRX3228290;total RNA;Illumina NextSeq 500;SRR6113769;paired_end;class2
SRX10221158;SRR13842818;strain: BL6;tissue: hippocampus;time (month): 8;8;sex: female;;GSE168137;BioSample: https://www.ncbi.nlm.nih.gov/biosample/SAMN18121773	SRA: https://www.ncbi.nlm.nih.gov/sra?term=SRX10221158;total RNA;Illumina NextSeq 500;SRR13842818;paired_end;class2
SRX10221159;SRR13842819;strain: BL6;tissue: hippocampus;time (month): 8;8;sex: female;;GSE168137;BioSample: https://www.ncbi.nlm.nih.gov/biosample/SAMN18121772	SRA: https://www.ncbi.nlm.nih.gov/sra?term=SRX10221159;total RNA;Illumina NextSeq 500;SRR13842819;paired_end;class2
SRX10221160;SRR13842820;strain: BL6;tissue: hippocampus;time (month): 8;8;sex: female;;GSE168137;BioSample: https://www.ncbi.nlm.nih.gov/biosample/SAMN18121771	SRA: https://www.ncbi.nlm.nih.gov/sra?term=SRX10221160;total RNA;Illumina NextSeq 500;SRR13842820;paired_end;class2
SRX10221161;SRR13842821;strain: BL6;tissue: hippocampus;time (month): 8;8;sex: female;;GSE168137;BioSample: https://www.ncbi.nlm.nih.gov/biosample/SAMN18121770	SRA: https://www.ncbi.nlm.nih.gov/sra?term=SRX10221161;total RNA;Illumina NextSeq 500;SRR13842821;paired_end;class2
SRX10221162;SRR13842822;strain: BL6;tissue: hippocampus;time (month): 8;8;sex: female;;GSE168137;BioSample: https://www.ncbi.nlm.nih.gov/biosample/SAMN18121769	SRA: https://www.ncbi.nlm.nih.gov/sra?term=SRX10221162;total RNA;Illumina NextSeq 500;SRR13842822;paired_end;class2
SRX10221163;SRR13842823;strain: BL6;tissue: hippocampus;time (month): 8;8;sex: male;;GSE168137;BioSample: https://www.ncbi.nlm.nih.gov/biosample/SAMN18121768	SRA: https://www.ncbi.nlm.nih.gov/sra?term=SRX10221163;total RNA;Illumina NextSeq 500;SRR13842823;paired_end;class2
SRX10221164;SRR13842824;strain: BL6;tissue: hippocampus;time (month): 8;8;sex: male;;GSE168137;BioSample: https://www.ncbi.nlm.nih.gov/biosample/SAMN18121767	SRA: https://www.ncbi.nlm.nih.gov/sra?term=SRX10221164;total RNA;Illumina NextSeq 500;SRR13842824;paired_end;class2
SRX10221166;SRR13842826;strain: BL6;tissue: hippocampus;time (month): 8;8;sex: male;;GSE168137;BioSample: https://www.ncbi.nlm.nih.gov/biosample/SAMN18121765	SRA: https://www.ncbi.nlm.nih.gov/sra?term=SRX10221166;total RNA;Illumina NextSeq 500;SRR13842826;paired_end;class2
SRX10221167;SRR13842827;strain: BL6;tissue: hippocampus;time (month): 8;8;sex: male;;GSE168137;BioSample: https://www.ncbi.nlm.nih.gov/biosample/SAMN18121764	SRA: https://www.ncbi.nlm.nih.gov/sra?term=SRX10221167;total RNA;Illumina NextSeq 500;SRR13842827;paired_end;class2
SRX10264342;SRR13884020;;tissue: hippocampus;age: 9m;9;sex: female;genotype: WT;GSE168430	GSE168431;BioSample: https://www.ncbi.nlm.nih.gov/biosample/SAMN18204673	SRA: https://www.ncbi.nlm.nih.gov/sra?term=SRX10264342;polyA RNA;Illumina HiSeq 2500;SRR13884020;paired_end;class2
SRX10264348;SRR13884032;;tissue: hippocampus;age: 9m;9;sex: female;genotype: WT;GSE168430	GSE168431;BioSample: https://www.ncbi.nlm.nih.gov/biosample/SAMN18204667	SRA: https://www.ncbi.nlm.nih.gov/sra?term=SRX10264348;polyA RNA;Illumina HiSeq 2500;SRR13884032;paired_end;class2
SRX10264354;SRR13884043;;tissue: hippocampus;age: 9m;9;sex: female;genotype: WT;GSE168430	GSE168431;BioSample: https://www.ncbi.nlm.nih.gov/biosample/SAMN18204696	SRA: https://www.ncbi.nlm.nih.gov/sra?term=SRX10264354;polyA RNA;Illumina HiSeq 2500;SRR13884043;paired_end;class2
SRX10264360;SRR13884056;;tissue: hippocampus;age: 9m;9;sex: female;genotype: WT;GSE168430	GSE168431;BioSample: https://www.ncbi.nlm.nih.gov/biosample/SAMN18204618	SRA: https://www.ncbi.nlm.nih.gov/sra?term=SRX10264360;polyA RNA;Illumina HiSeq 2500;SRR13884056;paired_end;class2
SRX10264365;SRR13884066;;tissue: hippocampus;age: 9m;9;sex: female;genotype: WT;GSE168430	GSE168431;BioSample: https://www.ncbi.nlm.nih.gov/biosample/SAMN18204645	SRA: https://www.ncbi.nlm.nih.gov/sra?term=SRX10264365;polyA RNA;Illumina HiSeq 2500;SRR13884066;paired_end;class2
SRX10264371;SRR13884078;;tissue: hippocampus;age: 9m;9;sex: female;genotype: WT;GSE168430	GSE168431;BioSample: https://www.ncbi.nlm.nih.gov/biosample/SAMN18204639	SRA: https://www.ncbi.nlm.nih.gov/sra?term=SRX10264371;polyA RNA;Illumina HiSeq 2500;SRR13884078;paired_end;class2
SRX10264377;SRR13884090;;tissue: hippocampus;age: 9m;9;sex: female;genotype: WT;GSE168430	GSE168431;BioSample: https://www.ncbi.nlm.nih.gov/biosample/SAMN18204633	SRA: https://www.ncbi.nlm.nih.gov/sra?term=SRX10264377;polyA RNA;Illumina HiSeq 2500;SRR13884090;paired_end;class2
SRX10264383;SRR13884102;;tissue: hippocampus;age: 9m;9;sex: female;genotype: WT;GSE168430	GSE168431;BioSample: https://www.ncbi.nlm.nih.gov/biosample/SAMN18204659	SRA: https://www.ncbi.nlm.nih.gov/sra?term=SRX10264383;polyA RNA;Illumina HiSeq 2500;SRR13884102;paired_end;class2
SRX1292661	BioSample: https://www.ncbi.nlm.nih.gov/biosample/SAMN04116129;SRR2531533;strain background: C57BL/6;tissue: Brain - Hippocampus;age: 10 months;10;sex: female;genotype/variation: Wild Type;GSE73503	GSE73508;SRA: https://www.ncbi.nlm.nih.gov/sra?term=SRX1292661	BioSample: https://www.ncbi.nlm.nih.gov/biosample/SAMN04116129;total RNA;Illumina HiSeq 2000;SRR2531533;paired_end;class2
SRX1292662	BioSample: https://www.ncbi.nlm.nih.gov/biosample/SAMN04116130;SRR2531534;strain background: C57BL/6;tissue: Brain - Hippocampus;age: 10 months;10;sex: female;genotype/variation: Wild Type;GSE73503	GSE73508;SRA: https://www.ncbi.nlm.nih.gov/sra?term=SRX1292662	BioSample: https://www.ncbi.nlm.nih.gov/biosample/SAMN04116130;total RNA;Illumina HiSeq 2000;SRR2531534;paired_end;class2
SRX1292660	BioSample: https://www.ncbi.nlm.nih.gov/biosample/SAMN04116131;SRR2531532;strain background: C57BL/6;tissue: Brain - Hippocampus;age: 10 months;10;sex: female;genotype/variation: Wild Type;GSE73503	GSE73508;SRA: https://www.ncbi.nlm.nih.gov/sra?term=SRX1292660	BioSample: https://www.ncbi.nlm.nih.gov/biosample/SAMN04116131;total RNA;Illumina HiSeq 2000;SRR2531532;paired_end;class2
SRX1292665	BioSample: https://www.ncbi.nlm.nih.gov/biosample/SAMN04116133;SRR2531537;strain background: C57BL/6;tissue: Brain - Hippocampus;age: 10 months;10;sex: male;genotype/variation: Wild Type;GSE73503	GSE73508;SRA: https://www.ncbi.nlm.nih.gov/sra?term=SRX1292665	BioSample: https://www.ncbi.nlm.nih.gov/biosample/SAMN04116133;total RNA;Illumina HiSeq 2000;SRR2531537;paired_end;class2
SRX1292667	BioSample: https://www.ncbi.nlm.nih.gov/biosample/SAMN04116136;SRR2531539;strain background: C57BL/6;tissue: Brain - Hippocampus;age: 10 months;10;sex: male;genotype/variation: Wild Type;GSE73503	GSE73508;SRA: https://www.ncbi.nlm.nih.gov/sra?term=SRX1292667	BioSample: https://www.ncbi.nlm.nih.gov/biosample/SAMN04116136;total RNA;Illumina HiSeq 2000;SRR2531539;paired_end;class2
SRX1292664	BioSample: https://www.ncbi.nlm.nih.gov/biosample/SAMN04116134;SRR2531536;strain background: C57BL/6;tissue: Brain - Hippocampus;age: 10 months;10;sex: male;genotype/variation: Wild Type;GSE73503	GSE73508;SRA: https://www.ncbi.nlm.nih.gov/sra?term=SRX1292664	BioSample: https://www.ncbi.nlm.nih.gov/biosample/SAMN04116134;total RNA;Illumina HiSeq 2000;SRR2531536;paired_end;class2
SRX1292663	BioSample: https://www.ncbi.nlm.nih.gov/biosample/SAMN04116132;SRR2531535;strain background: C57BL/6;tissue: Brain - Hippocampus;age: 10 months;10;sex: female;genotype/variation: Wild Type;GSE73503	GSE73508;SRA: https://www.ncbi.nlm.nih.gov/sra?term=SRX1292663	BioSample: https://www.ncbi.nlm.nih.gov/biosample/SAMN04116132;total RNA;Illumina HiSeq 2000;SRR2531535;paired_end;class2
SRX1292666	BioSample: https://www.ncbi.nlm.nih.gov/biosample/SAMN04116135;SRR2531538;strain background: C57BL/6;tissue: Brain - Hippocampus;age: 10 months;10;sex: male;genotype/variation: Wild Type;GSE73503	GSE73508;SRA: https://www.ncbi.nlm.nih.gov/sra?term=SRX1292666	BioSample: https://www.ncbi.nlm.nih.gov/biosample/SAMN04116135;total RNA;Illumina HiSeq 2000;SRR2531538;paired_end;class2
SRX2663661;SRR5368397;strain: C57BL/6;tissue: hippocampus;age: 12 months;12;sex: male;genotype: wildtype;GSE96961;BioSample: https://www.ncbi.nlm.nih.gov/biosample/SAMN06629986	SRA: https://www.ncbi.nlm.nih.gov/sra?term=SRX2663661;total RNA;Illumina HiSeq 2500;SRR5368397;single_end;class3
SRX2663662;SRR5368398;strain: C57BL/6;tissue: hippocampus;age: 12 months;12;sex: male;genotype: wildtype;GSE96961;BioSample: https://www.ncbi.nlm.nih.gov/biosample/SAMN06629985	SRA: https://www.ncbi.nlm.nih.gov/sra?term=SRX2663662;total RNA;Illumina HiSeq 2500;SRR5368398;single_end;class3
SRX2663663;SRR5368399;strain: C57BL/6;tissue: hippocampus;age: 12 months;12;sex: male;genotype: wildtype;GSE96961;BioSample: https://www.ncbi.nlm.nih.gov/biosample/SAMN06629984	SRA: https://www.ncbi.nlm.nih.gov/sra?term=SRX2663663;total RNA;Illumina HiSeq 2500;SRR5368399;single_end;class3
SRX2663664;SRR5368400;strain: C57BL/6;tissue: hippocampus;age: 12 months;12;sex: male;genotype: wildtype;GSE96961;BioSample: https://www.ncbi.nlm.nih.gov/biosample/SAMN06629983	SRA: https://www.ncbi.nlm.nih.gov/sra?term=SRX2663664;total RNA;Illumina HiSeq 2500;SRR5368400;single_end;class3
SRX10221198;SRR13842677;strain: BL6;tissue: hippocampus;time (month): 12;12;sex: female;;GSE168137;BioSample: https://www.ncbi.nlm.nih.gov/biosample/SAMN18121476	SRA: https://www.ncbi.nlm.nih.gov/sra?term=SRX10221198;total RNA;Illumina NextSeq 500;SRR13842677;paired_end;class3
SRX10221199;SRR13842678;strain: BL6;tissue: hippocampus;time (month): 12;12;sex: female;;GSE168137;BioSample: https://www.ncbi.nlm.nih.gov/biosample/SAMN18121475	SRA: https://www.ncbi.nlm.nih.gov/sra?term=SRX10221199;total RNA;Illumina NextSeq 500;SRR13842678;paired_end;class3
SRX10221200;SRR13842679;strain: BL6;tissue: hippocampus;time (month): 12;12;sex: female;;GSE168137;BioSample: https://www.ncbi.nlm.nih.gov/biosample/SAMN18121809	SRA: https://www.ncbi.nlm.nih.gov/sra?term=SRX10221200;total RNA;Illumina NextSeq 500;SRR13842679;paired_end;class3
SRX10221201;SRR13842680;strain: BL6;tissue: hippocampus;time (month): 12;12;sex: female;;GSE168137;BioSample: https://www.ncbi.nlm.nih.gov/biosample/SAMN18121832	SRA: https://www.ncbi.nlm.nih.gov/sra?term=SRX10221201;total RNA;Illumina NextSeq 500;SRR13842680;paired_end;class3
SRX10221202;SRR13842681;strain: BL6;tissue: hippocampus;time (month): 12;12;sex: female;;GSE168137;BioSample: https://www.ncbi.nlm.nih.gov/biosample/SAMN18121831	SRA: https://www.ncbi.nlm.nih.gov/sra?term=SRX10221202;total RNA;Illumina NextSeq 500;SRR13842681;paired_end;class3
SRX10221203;SRR13842682;strain: BL6;tissue: hippocampus;time (month): 12;12;sex: male;;GSE168137;BioSample: https://www.ncbi.nlm.nih.gov/biosample/SAMN18121830	SRA: https://www.ncbi.nlm.nih.gov/sra?term=SRX10221203;total RNA;Illumina NextSeq 500;SRR13842682;paired_end;class3
SRX10221204;SRR13842683;strain: BL6;tissue: hippocampus;time (month): 12;12;sex: male;;GSE168137;BioSample: https://www.ncbi.nlm.nih.gov/biosample/SAMN18121829	SRA: https://www.ncbi.nlm.nih.gov/sra?term=SRX10221204;total RNA;Illumina NextSeq 500;SRR13842683;paired_end;class3
SRX10221205;SRR13842684;strain: BL6;tissue: hippocampus;time (month): 12;12;sex: male;;GSE168137;BioSample: https://www.ncbi.nlm.nih.gov/biosample/SAMN18121828	SRA: https://www.ncbi.nlm.nih.gov/sra?term=SRX10221205;total RNA;Illumina NextSeq 500;SRR13842684;paired_end;class3
SRX10221206;SRR13842685;strain: BL6;tissue: hippocampus;time (month): 12;12;sex: male;;GSE168137;BioSample: https://www.ncbi.nlm.nih.gov/biosample/SAMN18121827	SRA: https://www.ncbi.nlm.nih.gov/sra?term=SRX10221206;total RNA;Illumina NextSeq 500;SRR13842685;paired_end;class3
SRX10221207;SRR13842686;strain: BL6;tissue: hippocampus;time (month): 12;12;sex: male;;GSE168137;BioSample: https://www.ncbi.nlm.nih.gov/biosample/SAMN18121826	SRA: https://www.ncbi.nlm.nih.gov/sra?term=SRX10221207;total RNA;Illumina NextSeq 500;SRR13842686;paired_end;class3
SRX6614079;SRR9860256;strain background: C57BL/6;tissue: Hippocampus;age (days): 340;12;sex: female;genotype/variation: non-transgenic control;GSE135075;BioSample: https://www.ncbi.nlm.nih.gov/biosample/SAMN12395255	SRA: https://www.ncbi.nlm.nih.gov/sra?term=SRX6614079;total RNA;Illumina HiSeq 4000;SRR9860256;single_end;class3
SRX6614077;SRR9860254;strain background: C57BL/6;tissue: Hippocampus;age (days): 365;12;sex: male;genotype/variation: non-transgenic control;GSE135075;BioSample: https://www.ncbi.nlm.nih.gov/biosample/SAMN12395257	SRA: https://www.ncbi.nlm.nih.gov/sra?term=SRX6614077;total RNA;Illumina HiSeq 4000;SRR9860254;single_end;class3
SRX6614078;SRR9860255;strain background: C57BL/6;tissue: Hippocampus;age (days): 365;12;sex: male;genotype/variation: non-transgenic control;GSE135075;BioSample: https://www.ncbi.nlm.nih.gov/biosample/SAMN12395256	SRA: https://www.ncbi.nlm.nih.gov/sra?term=SRX6614078;total RNA;Illumina HiSeq 4000;SRR9860255;single_end;class3
SRX2995448;SRR5817116;bxd strain: 77;tissue: Hippocampus;age: 14;14;sex: female;genotype: Ntg;GSE101144;['BioSample: https://www.ncbi.nlm.nih.gov/biosample/SAMN07341990', 'SRA: https://www.ncbi.nlm.nih.gov/sra?term=SRX2995448'];['polyA RNA'];['Illumina HiSeq 2500'];SRR5817116;paired_end;class3
SRX2995449;SRR5817117;bxd strain: D2;tissue: Hippocampus;age: 14;14;sex: female;genotype: Ntg;GSE101144;['BioSample: https://www.ncbi.nlm.nih.gov/biosample/SAMN07341989', 'SRA: https://www.ncbi.nlm.nih.gov/sra?term=SRX2995449'];['polyA RNA'];['Illumina HiSeq 2500'];SRR5817117;paired_end;class3
SRX2995450;SRR5817118;bxd strain: D2;tissue: Hippocampus;age: 14;14;sex: female;genotype: Ntg;GSE101144;['BioSample: https://www.ncbi.nlm.nih.gov/biosample/SAMN07341988', 'SRA: https://www.ncbi.nlm.nih.gov/sra?term=SRX2995450'];['polyA RNA'];['Illumina HiSeq 2500'];SRR5817118;paired_end;class3
SRX2995453;SRR5817121;bxd strain: D2;tissue: Hippocampus;age: 14;14;sex: female;genotype: Ntg;GSE101144;['BioSample: https://www.ncbi.nlm.nih.gov/biosample/SAMN07341985', 'SRA: https://www.ncbi.nlm.nih.gov/sra?term=SRX2995453'];['polyA RNA'];['Illumina HiSeq 2500'];SRR5817121;paired_end;class3
SRX2995454;SRR5817122;bxd strain: B6;tissue: Hippocampus;age: 14;14;sex: female;genotype: Ntg;GSE101144;['BioSample: https://www.ncbi.nlm.nih.gov/biosample/SAMN07341984', 'SRA: https://www.ncbi.nlm.nih.gov/sra?term=SRX2995454'];['polyA RNA'];['Illumina HiSeq 2500'];SRR5817122;paired_end;class3
SRX2995456;SRR5817124;bxd strain: 65;tissue: Hippocampus;age: 14;14;sex: female;genotype: Ntg;GSE101144;['BioSample: https://www.ncbi.nlm.nih.gov/biosample/SAMN07341982', 'SRA: https://www.ncbi.nlm.nih.gov/sra?term=SRX2995456'];['polyA RNA'];['Illumina HiSeq 2500'];SRR5817124;paired_end;class3
SRX2995459;SRR5817127;bxd strain: 66;tissue: Hippocampus;age: 14;14;sex: female;genotype: Ntg;GSE101144;['BioSample: https://www.ncbi.nlm.nih.gov/biosample/SAMN07341979', 'SRA: https://www.ncbi.nlm.nih.gov/sra?term=SRX2995459'];['polyA RNA'];['Illumina HiSeq 2500'];SRR5817127;paired_end;class3
SRX2995460;SRR5817128;bxd strain: 68;tissue: Hippocampus;age: 14;14;sex: female;genotype: Ntg;GSE101144;['BioSample: https://www.ncbi.nlm.nih.gov/biosample/SAMN07341978', 'SRA: https://www.ncbi.nlm.nih.gov/sra?term=SRX2995460'];['polyA RNA'];['Illumina HiSeq 2500'];SRR5817128;paired_end;class3
SRX2995461;SRR5817129;bxd strain: 61;tissue: Hippocampus;age: 14;14;sex: female;genotype: Ntg;GSE101144;['BioSample: https://www.ncbi.nlm.nih.gov/biosample/SAMN07341977', 'SRA: https://www.ncbi.nlm.nih.gov/sra?term=SRX2995461'];['polyA RNA'];['Illumina HiSeq 2500'];SRR5817129;paired_end;class3
SRX2995462;SRR5817130;bxd strain: B6;tissue: Hippocampus;age: 14;14;sex: female;genotype: Ntg;GSE101144;['BioSample: https://www.ncbi.nlm.nih.gov/biosample/SAMN07341976', 'SRA: https://www.ncbi.nlm.nih.gov/sra?term=SRX2995462'];['polyA RNA'];['Illumina HiSeq 2500'];SRR5817130;paired_end;class3
SRX2995464;SRR5817132;bxd strain: 62;tissue: Hippocampus;age: 14;14;sex: female;genotype: Ntg;GSE101144;['BioSample: https://www.ncbi.nlm.nih.gov/biosample/SAMN07341946', 'SRA: https://www.ncbi.nlm.nih.gov/sra?term=SRX2995464'];['polyA RNA'];['Illumina HiSeq 2500'];SRR5817132;paired_end;class3
SRX2995467;SRR5817135;bxd strain: 69;tissue: Hippocampus;age: 14;14;sex: female;genotype: Ntg;GSE101144;['BioSample: https://www.ncbi.nlm.nih.gov/biosample/SAMN07341943', 'SRA: https://www.ncbi.nlm.nih.gov/sra?term=SRX2995467'];['polyA RNA'];['Illumina HiSeq 2500'];SRR5817135;paired_end;class3
SRX2995474;SRR5817142;bxd strain: 100;tissue: Hippocampus;age: 14;14;sex: female;genotype: Ntg;GSE101144;['BioSample: https://www.ncbi.nlm.nih.gov/biosample/SAMN07342046', 'SRA: https://www.ncbi.nlm.nih.gov/sra?term=SRX2995474'];['polyA RNA'];['Illumina HiSeq 2500'];SRR5817142;paired_end;class3
SRX2995475;SRR5817143;bxd strain: 32;tissue: Hippocampus;age: 14;14;sex: female;genotype: Ntg;GSE101144;['BioSample: https://www.ncbi.nlm.nih.gov/biosample/SAMN07342045', 'SRA: https://www.ncbi.nlm.nih.gov/sra?term=SRX2995475'];['polyA RNA'];['Illumina HiSeq 2500'];SRR5817143;paired_end;class3
SRX2995476;SRR5817144;bxd strain: 87;tissue: Hippocampus;age: 14;14;sex: female;genotype: Ntg;GSE101144;['BioSample: https://www.ncbi.nlm.nih.gov/biosample/SAMN07342044', 'SRA: https://www.ncbi.nlm.nih.gov/sra?term=SRX2995476'];['polyA RNA'];['Illumina HiSeq 2500'];SRR5817144;paired_end;class3
SRX2995480;SRR5817148;bxd strain: 60;tissue: Hippocampus;age: 14;14;sex: female;genotype: Ntg;GSE101144;['BioSample: https://www.ncbi.nlm.nih.gov/biosample/SAMN07342040', 'SRA: https://www.ncbi.nlm.nih.gov/sra?term=SRX2995480'];['polyA RNA'];['Illumina HiSeq 2500'];SRR5817148;paired_end;class3
SRX2995482;SRR5817150;bxd strain: 87;tissue: Hippocampus;age: 14;14;sex: male;genotype: Ntg;GSE101144;['BioSample: https://www.ncbi.nlm.nih.gov/biosample/SAMN07342038', 'SRA: https://www.ncbi.nlm.nih.gov/sra?term=SRX2995482'];['polyA RNA'];['Illumina HiSeq 2500'];SRR5817150;paired_end;class3
SRX2995483;SRR5817151;bxd strain: 68;tissue: Hippocampus;age: 14;14;sex: male;genotype: Ntg;GSE101144;['BioSample: https://www.ncbi.nlm.nih.gov/biosample/SAMN07342037', 'SRA: https://www.ncbi.nlm.nih.gov/sra?term=SRX2995483'];['polyA RNA'];['Illumina HiSeq 2500'];SRR5817151;paired_end;class3
SRX2995484;SRR5817152;bxd strain: D2;tissue: Hippocampus;age: 14;14;sex: male;genotype: Ntg;GSE101144;['BioSample: https://www.ncbi.nlm.nih.gov/biosample/SAMN07342036', 'SRA: https://www.ncbi.nlm.nih.gov/sra?term=SRX2995484'];['polyA RNA'];['Illumina HiSeq 2500'];SRR5817152;paired_end;class3
SRX2995488;SRR5817156;bxd strain: B6;tissue: Hippocampus;age: 14;14;sex: male;genotype: Ntg;GSE101144;['BioSample: https://www.ncbi.nlm.nih.gov/biosample/SAMN07342032', 'SRA: https://www.ncbi.nlm.nih.gov/sra?term=SRX2995488'];['polyA RNA'];['Illumina HiSeq 2500'];SRR5817156;paired_end;class3
SRX2995489;SRR7295459;bxd strain: 51;tissue: Hippocampus;age: 14;14;sex: female;genotype: Ntg;GSE101144;['BioSample: https://www.ncbi.nlm.nih.gov/biosample/SAMN07342031', 'SRA: https://www.ncbi.nlm.nih.gov/sra?term=SRX2995489'];['polyA RNA'];['Illumina HiSeq 2500'];SRR7295459;paired_end;class3
SRX2995491;SRR5817159;bxd strain: D2;tissue: Hippocampus;age: 14;14;sex: male;genotype: Ntg;GSE101144;['BioSample: https://www.ncbi.nlm.nih.gov/biosample/SAMN07342029', 'SRA: https://www.ncbi.nlm.nih.gov/sra?term=SRX2995491'];['polyA RNA'];['Illumina HiSeq 2500'];SRR5817159;paired_end;class3
SRX2995494;SRR5817162;bxd strain: B6;tissue: Hippocampus;age: 14;14;sex: male;genotype: Ntg;GSE101144;['BioSample: https://www.ncbi.nlm.nih.gov/biosample/SAMN07341939', 'SRA: https://www.ncbi.nlm.nih.gov/sra?term=SRX2995494'];['polyA RNA'];['Illumina HiSeq 2500'];SRR5817162;paired_end;class3
SRX2995495;SRR5817163;bxd strain: 44;tissue: Hippocampus;age: 14;14;sex: male;genotype: Ntg;GSE101144;['BioSample: https://www.ncbi.nlm.nih.gov/biosample/SAMN07342026', 'SRA: https://www.ncbi.nlm.nih.gov/sra?term=SRX2995495'];['polyA RNA'];['Illumina HiSeq 2500'];SRR5817163;paired_end;class3
SRX2995498;SRR5817166;bxd strain: B6;tissue: Hippocampus;age: 14;14;sex: male;genotype: Ntg;GSE101144;['BioSample: https://www.ncbi.nlm.nih.gov/biosample/SAMN07342023', 'SRA: https://www.ncbi.nlm.nih.gov/sra?term=SRX2995498'];['polyA RNA'];['Illumina HiSeq 2500'];SRR5817166;paired_end;class3
SRX2995499;SRR5817167;bxd strain: 62;tissue: Hippocampus;age: 14;14;sex: male;genotype: Ntg;GSE101144;['BioSample: https://www.ncbi.nlm.nih.gov/biosample/SAMN07341942', 'SRA: https://www.ncbi.nlm.nih.gov/sra?term=SRX2995499'];['polyA RNA'];['Illumina HiSeq 2500'];SRR5817167;paired_end;class3
SRX2995500;SRR5817168;bxd strain: 69;tissue: Hippocampus;age: 14;14;sex: male;genotype: Ntg;GSE101144;['BioSample: https://www.ncbi.nlm.nih.gov/biosample/SAMN07341941', 'SRA: https://www.ncbi.nlm.nih.gov/sra?term=SRX2995500'];['polyA RNA'];['Illumina HiSeq 2500'];SRR5817168;paired_end;class3
SRX2995502;SRR5817170;bxd strain: 61;tissue: Hippocampus;age: 14;14;sex: male;genotype: Ntg;GSE101144;['BioSample: https://www.ncbi.nlm.nih.gov/biosample/SAMN07341938', 'SRA: https://www.ncbi.nlm.nih.gov/sra?term=SRX2995502'];['polyA RNA'];['Illumina HiSeq 2500'];SRR5817170;paired_end;class3
SRX2995504;SRR5817172;bxd strain: 77;tissue: Hippocampus;age: 14;14;sex: male;genotype: Ntg;GSE101144;['BioSample: https://www.ncbi.nlm.nih.gov/biosample/SAMN07341936', 'SRA: https://www.ncbi.nlm.nih.gov/sra?term=SRX2995504'];['polyA RNA'];['Illumina HiSeq 2500'];SRR5817172;paired_end;class3
SRX2995505;SRR5817173;bxd strain: 100;tissue: Hippocampus;age: 14;14;sex: male;genotype: Ntg;GSE101144;['BioSample: https://www.ncbi.nlm.nih.gov/biosample/SAMN07341935', 'SRA: https://www.ncbi.nlm.nih.gov/sra?term=SRX2995505'];['polyA RNA'];['Illumina HiSeq 2500'];SRR5817173;paired_end;class3
SRX2995507;SRR5817175;bxd strain: D2;tissue: Hippocampus;age: 14;14;sex: male;genotype: Ntg;GSE101144;['BioSample: https://www.ncbi.nlm.nih.gov/biosample/SAMN07341933', 'SRA: https://www.ncbi.nlm.nih.gov/sra?term=SRX2995507'];['polyA RNA'];['Illumina HiSeq 2500'];SRR5817175;paired_end;class3
SRX2995510;SRR5817178;bxd strain: 66;tissue: Hippocampus;age: 14;14;sex: male;genotype: Ntg;GSE101144;['BioSample: https://www.ncbi.nlm.nih.gov/biosample/SAMN07341930', 'SRA: https://www.ncbi.nlm.nih.gov/sra?term=SRX2995510'];['polyA RNA'];['Illumina HiSeq 2500'];SRR5817178;paired_end;class3
SRX2995511;SRR5817179;bxd strain: 32;tissue: Hippocampus;age: 14;14;sex: male;genotype: Ntg;GSE101144;['BioSample: https://www.ncbi.nlm.nih.gov/biosample/SAMN07341929', 'SRA: https://www.ncbi.nlm.nih.gov/sra?term=SRX2995511'];['polyA RNA'];['Illumina HiSeq 2500'];SRR5817179;paired_end;class3
SRX10264306;SRR13883960;;genotype: WT;age: 15m;15;sex: female;;GSE168428;['BioSample: https://www.ncbi.nlm.nih.gov/biosample/SAMN18204694', 'SRA: https://www.ncbi.nlm.nih.gov/sra?term=SRX10264306'];['polyA RNA'];['Illumina HiSeq 2500'];SRR13883960;paired_end;class3
SRX10264312;SRR13883972;;genotype: WT;age: 15m;15;sex: female;;GSE168428;['BioSample: https://www.ncbi.nlm.nih.gov/biosample/SAMN18204683', 'SRA: https://www.ncbi.nlm.nih.gov/sra?term=SRX10264312'];['polyA RNA'];['Illumina HiSeq 2500'];SRR13883972;paired_end;class3
SRX10264318;SRR13883984;;genotype: WT;age: 15m;15;sex: female;;GSE168428;['BioSample: https://www.ncbi.nlm.nih.gov/biosample/SAMN18204596', 'SRA: https://www.ncbi.nlm.nih.gov/sra?term=SRX10264318'];['polyA RNA'];['Illumina HiSeq 2500'];SRR13883984;paired_end;class3
SRX10264324;SRR13883996;;genotype: WT;age: 15m;15;sex: female;;GSE168428;['BioSample: https://www.ncbi.nlm.nih.gov/biosample/SAMN18204590', 'SRA: https://www.ncbi.nlm.nih.gov/sra?term=SRX10264324'];['polyA RNA'];['Illumina HiSeq 2500'];SRR13883996;paired_end;class3
SRX3785665;SRR6829578;;;age: 15 months;15;sex: male;;GSE111778;['BioSample: https://www.ncbi.nlm.nih.gov/biosample/SAMN08693662', 'SRA: https://www.ncbi.nlm.nih.gov/sra?term=SRX3785665'];['total RNA'];['Illumina HiSeq 2500'];SRR6829578;single_end;class3
SRX3785666;SRR6829579;;;age: 15 months;15;sex: female;;GSE111778;['BioSample: https://www.ncbi.nlm.nih.gov/biosample/SAMN08693661', 'SRA: https://www.ncbi.nlm.nih.gov/sra?term=SRX3785666'];['total RNA'];['Illumina HiSeq 2500'];SRR6829579;single_end;class3
SRX3785667;SRR6829580;;;age: 15 months;15;sex: male;;GSE111778;['BioSample: https://www.ncbi.nlm.nih.gov/biosample/SAMN08693660', 'SRA: https://www.ncbi.nlm.nih.gov/sra?term=SRX3785667'];['total RNA'];['Illumina HiSeq 2500'];SRR6829580;single_end;class3
SRX3785668;SRR6829581;;;age: 15 months;15;sex: female;;GSE111778;['BioSample: https://www.ncbi.nlm.nih.gov/biosample/SAMN08693659', 'SRA: https://www.ncbi.nlm.nih.gov/sra?term=SRX3785668'];['total RNA'];['Illumina HiSeq 2500'];SRR6829581;single_end;class3
SRX3785669;SRR6829582;;;age: 15 months;15;sex: male;;GSE111778;['BioSample: https://www.ncbi.nlm.nih.gov/biosample/SAMN08693658', 'SRA: https://www.ncbi.nlm.nih.gov/sra?term=SRX3785669'];['total RNA'];['Illumina HiSeq 2500'];SRR6829582;single_end;class3
SRX3785670;SRR6829583;;;age: 15 months;15;sex: female;;GSE111778;['BioSample: https://www.ncbi.nlm.nih.gov/biosample/SAMN08693657', 'SRA: https://www.ncbi.nlm.nih.gov/sra?term=SRX3785670'];['total RNA'];['Illumina HiSeq 2500'];SRR6829583;single_end;class3
SRX2918717;SRR5683640;;tissue: hippocampus;age: 15;15;sex: male;;GSE100039;BioSample: https://www.ncbi.nlm.nih.gov/biosample/SAMN07237590	SRA: https://www.ncbi.nlm.nih.gov/sra?term=SRX2918717;total RNA;Illumina HiSeq 2500;SRR5683640;paired_end;class3
SRX2918718;SRR5683641;;tissue: hippocampus;age: 15;15;sex: male;;GSE100039;BioSample: https://www.ncbi.nlm.nih.gov/biosample/SAMN07237589	SRA: https://www.ncbi.nlm.nih.gov/sra?term=SRX2918718;total RNA;Illumina HiSeq 2500;SRR5683641;paired_end;class3
SRX2918719;SRR5683642;;tissue: hippocampus;age: 15;15;sex: male;;GSE100039;BioSample: https://www.ncbi.nlm.nih.gov/biosample/SAMN07237588	SRA: https://www.ncbi.nlm.nih.gov/sra?term=SRX2918719;total RNA;Illumina HiSeq 2500;SRR5683642;paired_end;class3
SRX9738014;SRR13310027;tissue: brain;strain: B6C3;age: 15 months;15;sex: male;genotype: wild-type;GSE163878;['BioSample: https://www.ncbi.nlm.nih.gov/biosample/SAMN17168186', 'SRA: https://www.ncbi.nlm.nih.gov/sra?term=SRX9738014'];['total RNA'];['Ion Torrent Proton'];SRR13310027;single_end;class3
SRX9738016;SRR13310029;tissue: brain;strain: B6C3;age: 15 months;15;sex: male;genotype: wild-type;GSE163878;['BioSample: https://www.ncbi.nlm.nih.gov/biosample/SAMN17168184', 'SRA: https://www.ncbi.nlm.nih.gov/sra?term=SRX9738016'];['total RNA'];['Ion Torrent Proton'];SRR13310029;single_end;class3
SRX9738017;SRR13310030;tissue: brain;strain: B6C3;age: 15 months;15;sex: male;genotype: wild-type;GSE163878;['BioSample: https://www.ncbi.nlm.nih.gov/biosample/SAMN17168183', 'SRA: https://www.ncbi.nlm.nih.gov/sra?term=SRX9738017'];['total RNA'];['Ion Torrent Proton'];SRR13310030;single_end;class3
SRX9738020;SRR13310033;tissue: brain;strain: B6C3;age: 15 months;15;sex: male;genotype: wild-type;GSE163878;['BioSample: https://www.ncbi.nlm.nih.gov/biosample/SAMN17168180', 'SRA: https://www.ncbi.nlm.nih.gov/sra?term=SRX9738020'];['total RNA'];['Ion Torrent Proton'];SRR13310033;single_end;class3
SRX10221068;SRR13842739;strain: BL6;tissue: hippocampus;time (month): 18;18;sex: female;;GSE168137;BioSample: https://www.ncbi.nlm.nih.gov/biosample/SAMN18121883	SRA: https://www.ncbi.nlm.nih.gov/sra?term=SRX10221068;total RNA;Illumina NextSeq 500;SRR13842739;paired_end;class4
SRX10221069;SRR13842740;strain: BL6;tissue: hippocampus;time (month): 18;18;sex: female;;GSE168137;BioSample: https://www.ncbi.nlm.nih.gov/biosample/SAMN18121882	SRA: https://www.ncbi.nlm.nih.gov/sra?term=SRX10221069;total RNA;Illumina NextSeq 500;SRR13842740;paired_end;class4
SRX10221070;SRR13842741;strain: BL6;tissue: hippocampus;time (month): 18;18;sex: female;;GSE168137;BioSample: https://www.ncbi.nlm.nih.gov/biosample/SAMN18121881	SRA: https://www.ncbi.nlm.nih.gov/sra?term=SRX10221070;total RNA;Illumina NextSeq 500;SRR13842741;paired_end;class4
SRX10221071;SRR13842742;strain: BL6;tissue: hippocampus;time (month): 18;18;sex: female;;GSE168137;BioSample: https://www.ncbi.nlm.nih.gov/biosample/SAMN18121880	SRA: https://www.ncbi.nlm.nih.gov/sra?term=SRX10221071;total RNA;Illumina NextSeq 500;SRR13842742;paired_end;class4
SRX10221072;SRR13842743;strain: BL6;tissue: hippocampus;time (month): 18;18;sex: female;;GSE168137;BioSample: https://www.ncbi.nlm.nih.gov/biosample/SAMN18121879	SRA: https://www.ncbi.nlm.nih.gov/sra?term=SRX10221072;total RNA;Illumina NextSeq 500;SRR13842743;paired_end;class4
SRX10221073;SRR13842744;strain: BL6;tissue: hippocampus;time (month): 18;18;sex: female;;GSE168137;BioSample: https://www.ncbi.nlm.nih.gov/biosample/SAMN18121878	SRA: https://www.ncbi.nlm.nih.gov/sra?term=SRX10221073;total RNA;Illumina NextSeq 500;SRR13842744;paired_end;class4
SRX10221074;SRR13842745;strain: BL6;tissue: hippocampus;time (month): 18;18;sex: female;;GSE168137;BioSample: https://www.ncbi.nlm.nih.gov/biosample/SAMN18122786	SRA: https://www.ncbi.nlm.nih.gov/sra?term=SRX10221074;total RNA;Illumina NextSeq 500;SRR13842745;paired_end;class4
SRX10221075;SRR13842746;strain: BL6;tissue: hippocampus;time (month): 18;18;sex: female;;GSE168137;BioSample: https://www.ncbi.nlm.nih.gov/biosample/SAMN18121799	SRA: https://www.ncbi.nlm.nih.gov/sra?term=SRX10221075;total RNA;Illumina NextSeq 500;SRR13842746;paired_end;class4
SRX10221076;SRR13842747;strain: BL6;tissue: hippocampus;time (month): 18;18;sex: female;;GSE168137;BioSample: https://www.ncbi.nlm.nih.gov/biosample/SAMN18121798	SRA: https://www.ncbi.nlm.nih.gov/sra?term=SRX10221076;total RNA;Illumina NextSeq 500;SRR13842747;paired_end;class4
SRX10221077;SRR13842748;strain: BL6;tissue: hippocampus;time (month): 18;18;sex: female;;GSE168137;BioSample: https://www.ncbi.nlm.nih.gov/biosample/SAMN18121797	SRA: https://www.ncbi.nlm.nih.gov/sra?term=SRX10221077;total RNA;Illumina NextSeq 500;SRR13842748;paired_end;class4
SRX10221078;SRR13842749;strain: BL6;tissue: hippocampus;time (month): 18;18;sex: female;;GSE168137;BioSample: https://www.ncbi.nlm.nih.gov/biosample/SAMN18121819	SRA: https://www.ncbi.nlm.nih.gov/sra?term=SRX10221078;total RNA;Illumina NextSeq 500;SRR13842749;paired_end;class4
SRX10221079;SRR13842750;strain: BL6;tissue: hippocampus;time (month): 18;18;sex: female;;GSE168137;BioSample: https://www.ncbi.nlm.nih.gov/biosample/SAMN18121818	SRA: https://www.ncbi.nlm.nih.gov/sra?term=SRX10221079;total RNA;Illumina NextSeq 500;SRR13842750;paired_end;class4
SRX10221080;SRR13842751;strain: BL6;tissue: hippocampus;time (month): 18;18;sex: female;;GSE168137;BioSample: https://www.ncbi.nlm.nih.gov/biosample/SAMN18121817	SRA: https://www.ncbi.nlm.nih.gov/sra?term=SRX10221080;total RNA;Illumina NextSeq 500;SRR13842751;paired_end;class4
SRX10221081;SRR13842752;strain: BL6;tissue: hippocampus;time (month): 18;18;sex: female;;GSE168137;BioSample: https://www.ncbi.nlm.nih.gov/biosample/SAMN18121816	SRA: https://www.ncbi.nlm.nih.gov/sra?term=SRX10221081;total RNA;Illumina NextSeq 500;SRR13842752;paired_end;class4
SRX10221082;SRR13842753;strain: BL6;tissue: hippocampus;time (month): 18;18;sex: female;;GSE168137;BioSample: https://www.ncbi.nlm.nih.gov/biosample/SAMN18121815	SRA: https://www.ncbi.nlm.nih.gov/sra?term=SRX10221082;total RNA;Illumina NextSeq 500;SRR13842753;paired_end;class4
SRX10221083;SRR13842754;strain: BL6;tissue: hippocampus;time (month): 18;18;sex: male;;GSE168137;BioSample: https://www.ncbi.nlm.nih.gov/biosample/SAMN18121814	SRA: https://www.ncbi.nlm.nih.gov/sra?term=SRX10221083;total RNA;Illumina NextSeq 500;SRR13842754;paired_end;class4
SRX10221084;SRR13842755;strain: BL6;tissue: hippocampus;time (month): 18;18;sex: male;;GSE168137;BioSample: https://www.ncbi.nlm.nih.gov/biosample/SAMN18121813	SRA: https://www.ncbi.nlm.nih.gov/sra?term=SRX10221084;total RNA;Illumina NextSeq 500;SRR13842755;paired_end;class4
SRX10221085;SRR13842756;strain: BL6;tissue: hippocampus;time (month): 18;18;sex: male;;GSE168137;BioSample: https://www.ncbi.nlm.nih.gov/biosample/SAMN18121812	SRA: https://www.ncbi.nlm.nih.gov/sra?term=SRX10221085;total RNA;Illumina NextSeq 500;SRR13842756;paired_end;class4
SRX10221086;SRR13842757;strain: BL6;tissue: hippocampus;time (month): 18;18;sex: male;;GSE168137;BioSample: https://www.ncbi.nlm.nih.gov/biosample/SAMN18121811	SRA: https://www.ncbi.nlm.nih.gov/sra?term=SRX10221086;total RNA;Illumina NextSeq 500;SRR13842757;paired_end;class4
SRX10221087;SRR13842758;strain: BL6;tissue: hippocampus;time (month): 18;18;sex: male;;GSE168137;BioSample: https://www.ncbi.nlm.nih.gov/biosample/SAMN18121810	SRA: https://www.ncbi.nlm.nih.gov/sra?term=SRX10221087;total RNA;Illumina NextSeq 500;SRR13842758;paired_end;class4
SRX10264372;SRR13884080;;tissue: hippocampus;age: 18m;18;sex: female;genotype: WT;GSE168430	GSE168431;BioSample: https://www.ncbi.nlm.nih.gov/biosample/SAMN18204638	SRA: https://www.ncbi.nlm.nih.gov/sra?term=SRX10264372;polyA RNA;Illumina HiSeq 2500;SRR13884080;paired_end;class4
SRX10264378;SRR13884092;;tissue: hippocampus;age: 18m;18;sex: female;genotype: WT;GSE168430	GSE168431;BioSample: https://www.ncbi.nlm.nih.gov/biosample/SAMN18204632	SRA: https://www.ncbi.nlm.nih.gov/sra?term=SRX10264378;polyA RNA;Illumina HiSeq 2500;SRR13884092;paired_end;class4
SRX10264384;SRR13884104;;tissue: hippocampus;age: 18m;18;sex: female;genotype: WT;GSE168430	GSE168431;BioSample: https://www.ncbi.nlm.nih.gov/biosample/SAMN18204658	SRA: https://www.ncbi.nlm.nih.gov/sra?term=SRX10264384;polyA RNA;Illumina HiSeq 2500;SRR13884104;paired_end;class4
SRX3748078;SRR6788829;strain: C57BL/6;tissue: brain, hippocampus;age: 20 months;20;sex: male;;GSE111212;['BioSample: https://www.ncbi.nlm.nih.gov/biosample/SAMN08618587', 'SRA: https://www.ncbi.nlm.nih.gov/sra?term=SRX3748078'];['total RNA'];['Illumina HiSeq 2000'];SRR6788829;single_end;class4
SRX3748079;SRR6788830;strain: C57BL/6;tissue: brain, hippocampus;age: 20 months;20;sex: male;;GSE111212;['BioSample: https://www.ncbi.nlm.nih.gov/biosample/SAMN08618586', 'SRA: https://www.ncbi.nlm.nih.gov/sra?term=SRX3748079'];['total RNA'];['Illumina HiSeq 2000'];SRR6788830;single_end;class4
SRX3748080;SRR6788831;strain: C57BL/6;tissue: brain, hippocampus;age: 20 months;20;sex: male;;GSE111212;['BioSample: https://www.ncbi.nlm.nih.gov/biosample/SAMN08618585', 'SRA: https://www.ncbi.nlm.nih.gov/sra?term=SRX3748080'];['total RNA'];['Illumina HiSeq 2000'];SRR6788831;single_end;class4
SRX3748082;SRR6788832;strain: C57BL/6;tissue: brain, hippocampus;age: 20 months;20;sex: male;;GSE111212;['BioSample: https://www.ncbi.nlm.nih.gov/biosample/SAMN08618584', 'SRA: https://www.ncbi.nlm.nih.gov/sra?term=SRX3748082'];['total RNA'];['Illumina HiSeq 2000'];SRR6788832;single_end;class4
SRX3752127;SRR6793095;strain: C57BL/6;tissue: brain, hippocampus;age: 24 months;24;sex: male;perturbation: none;GSE111270;['BioSample: https://www.ncbi.nlm.nih.gov/biosample/SAMN08623879', 'SRA: https://www.ncbi.nlm.nih.gov/sra?term=SRX3752127'];['total RNA'];['Illumina HiSeq 2500'];SRR6793095;single_end;class4
SRX3752128;SRR6793096;strain: C57BL/6;tissue: brain, hippocampus;age: 24 months;24;sex: male;perturbation: none;GSE111270;['BioSample: https://www.ncbi.nlm.nih.gov/biosample/SAMN08623878', 'SRA: https://www.ncbi.nlm.nih.gov/sra?term=SRX3752128'];['total RNA'];['Illumina HiSeq 2500'];SRR6793096;single_end;class4
SRX3752129;SRR6793097;strain: C57BL/6;tissue: brain, hippocampus;age: 24 months;24;sex: male;perturbation: none;GSE111270;['BioSample: https://www.ncbi.nlm.nih.gov/biosample/SAMN08623877', 'SRA: https://www.ncbi.nlm.nih.gov/sra?term=SRX3752129'];['total RNA'];['Illumina HiSeq 2500'];SRR6793097;single_end;class4
SRX3752130;SRR6793098;strain: C57BL/6;tissue: brain, hippocampus;age: 24 months;24;sex: male;perturbation: none;GSE111270;['BioSample: https://www.ncbi.nlm.nih.gov/biosample/SAMN08623876', 'SRA: https://www.ncbi.nlm.nih.gov/sra?term=SRX3752130'];['total RNA'];['Illumina HiSeq 2500'];SRR6793098;single_end;class4
SRX3752131;SRR6793099;strain: C57BL/6;tissue: brain, hippocampus;age: 24 months;24;sex: male;perturbation: none;GSE111270;['BioSample: https://www.ncbi.nlm.nih.gov/biosample/SAMN08623875', 'SRA: https://www.ncbi.nlm.nih.gov/sra?term=SRX3752131'];['total RNA'];['Illumina HiSeq 2500'];SRR6793099;single_end;class4
SRX3752132;SRR6793100;strain: C57BL/6;tissue: brain, hippocampus;age: 24 months;24;sex: male;perturbation: none;GSE111270;['BioSample: https://www.ncbi.nlm.nih.gov/biosample/SAMN08623874', 'SRA: https://www.ncbi.nlm.nih.gov/sra?term=SRX3752132'];['total RNA'];['Illumina HiSeq 2500'];SRR6793100;single_end;class4
SRX3752136;SRR6793104;strain: C57BL/6;tissue: brain, hippocampus;age: 24 months;24;sex: male;perturbation: none;GSE111270;['BioSample: https://www.ncbi.nlm.nih.gov/biosample/SAMN08623870', 'SRA: https://www.ncbi.nlm.nih.gov/sra?term=SRX3752136'];['total RNA'];['Illumina HiSeq 2500'];SRR6793104;single_end;class4
SRX3752138;SRR6793106;strain: C57BL/6;tissue: brain, hippocampus;age: 24 months;24;sex: male;perturbation: none;GSE111270;['BioSample: https://www.ncbi.nlm.nih.gov/biosample/SAMN08623868', 'SRA: https://www.ncbi.nlm.nih.gov/sra?term=SRX3752138'];['total RNA'];['Illumina HiSeq 2500'];SRR6793106;single_end;class4
SRX3752140;SRR6793108;strain: C57BL/6;tissue: brain, hippocampus;age: 24 months;24;sex: male;perturbation: none;GSE111270;['BioSample: https://www.ncbi.nlm.nih.gov/biosample/SAMN08623866', 'SRA: https://www.ncbi.nlm.nih.gov/sra?term=SRX3752140'];['total RNA'];['Illumina HiSeq 2500'];SRR6793108;single_end;class4
SRX3752160;SRR6793128;strain: C57BL/6;tissue: brain, hippocampus;age: 24 months;24;sex: male;perturbation: none;GSE111270;['BioSample: https://www.ncbi.nlm.nih.gov/biosample/SAMN08623846', 'SRA: https://www.ncbi.nlm.nih.gov/sra?term=SRX3752160'];['total RNA'];['Illumina HiSeq 2500'];SRR6793128;single_end;class4
SRX3752161;SRR6793129;strain: C57BL/6;tissue: brain, hippocampus;age: 24 months;24;sex: male;perturbation: none;GSE111270;['BioSample: https://www.ncbi.nlm.nih.gov/biosample/SAMN08623845', 'SRA: https://www.ncbi.nlm.nih.gov/sra?term=SRX3752161'];['total RNA'];['Illumina HiSeq 2500'];SRR6793129;single_end;class4
SRX3752162;SRR6793130;strain: C57BL/6;tissue: brain, hippocampus;age: 24 months;24;sex: male;perturbation: none;GSE111270;['BioSample: https://www.ncbi.nlm.nih.gov/biosample/SAMN08623885', 'SRA: https://www.ncbi.nlm.nih.gov/sra?term=SRX3752162'];['total RNA'];['Illumina HiSeq 2500'];SRR6793130;single_end;class4
SRX3752163;SRR6793131;strain: C57BL/6;tissue: brain, hippocampus;age: 24 months;24;sex: male;perturbation: none;GSE111270;['BioSample: https://www.ncbi.nlm.nih.gov/biosample/SAMN08623884', 'SRA: https://www.ncbi.nlm.nih.gov/sra?term=SRX3752163'];['total RNA'];['Illumina HiSeq 2500'];SRR6793131;single_end;class4
SRX3752164;SRR6793132;strain: C57BL/6;tissue: brain, hippocampus;age: 24 months;24;sex: male;perturbation: none;GSE111270;['BioSample: https://www.ncbi.nlm.nih.gov/biosample/SAMN08623883', 'SRA: https://www.ncbi.nlm.nih.gov/sra?term=SRX3752164'];['total RNA'];['Illumina HiSeq 2500'];SRR6793132;single_end;class4
SRX3752165;SRR6793133;strain: C57BL/6;tissue: brain, hippocampus;age: 24 months;24;sex: male;perturbation: none;GSE111270;['BioSample: https://www.ncbi.nlm.nih.gov/biosample/SAMN08623882', 'SRA: https://www.ncbi.nlm.nih.gov/sra?term=SRX3752165'];['total RNA'];['Illumina HiSeq 2500'];SRR6793133;single_end;class4
