;strain;tissue;age;age(month);Sex;genotype;series_id;relation;molecule_ch1;Type-RNA;SRA;SRR;end;age_class
GSM3358341;strain background: C57BL/6;tissue: whole liver;age: 6 weeks;1;Female;genotype/variation: WT;GSE119119;BioSample: https://www.ncbi.nlm.nih.gov/biosample/SAMN09927369 SRA: https://www.ncbi.nlm.nih.gov/sra?term=SRX4616734;;total RNA;SRX4616734;SRR7761109;single_end;class1
GSM3358342;strain background: C57BL/6;tissue: whole liver;age: 6 weeks;1;Female;genotype/variation: WT;GSE119119;BioSample: https://www.ncbi.nlm.nih.gov/biosample/SAMN09927368 SRA: https://www.ncbi.nlm.nih.gov/sra?term=SRX4616735;;total RNA;SRX4616735;SRR7761110;single_end;class1
GSM3358343;strain background: C57BL/6;tissue: whole liver;age: 6 weeks;1;Male;genotype/variation: WT;GSE119119;BioSample: https://www.ncbi.nlm.nih.gov/biosample/SAMN09927367 SRA: https://www.ncbi.nlm.nih.gov/sra?term=SRX4616736;;total RNA;SRX4616736;SRR7761111;single_end;class1
GSM3358344;strain background: C57BL/6;tissue: whole liver;age: 6 weeks;1;Male;genotype/variation: WT;GSE119119;BioSample: https://www.ncbi.nlm.nih.gov/biosample/SAMN09927419 SRA: https://www.ncbi.nlm.nih.gov/sra?term=SRX4616737;;total RNA;SRX4616737;SRR7761112;single_end;class1
GSM4369021;strain: C3H;treatment type: Non-Irradiated Control;time: 1 month;1;Male;;GSE146254;['BioSample: https://www.ncbi.nlm.nih.gov/biosample/SAMN14260194';'SRA: https://www.ncbi.nlm.nih.gov/sra?term=SRX7828790'];['total RNA'];;SRR11216550;paired_end;class1
GSM4369022;strain: C3H;treatment type: Non-Irradiated Control;time: 1 month;1;Male;;GSE146254;['BioSample: https://www.ncbi.nlm.nih.gov/biosample/SAMN14260193';'SRA: https://www.ncbi.nlm.nih.gov/sra?term=SRX7828791'];['total RNA'];;SRR11216551;paired_end;class1
GSM4369023;strain: C3H;treatment type: Non-Irradiated Control;time: 1 month;1;Male;;GSE146254;['BioSample: https://www.ncbi.nlm.nih.gov/biosample/SAMN14260192';'SRA: https://www.ncbi.nlm.nih.gov/sra?term=SRX7828792'];['total RNA'];;SRR11216552;paired_end;class1
GSM4745505;;tissue: liver;age: 8 weeks;1;Male;;GSE156856;SRA: https://www.ncbi.nlm.nih.gov/sra?term=SRX9005770 BioSample: https://www.ncbi.nlm.nih.gov/biosample/SAMN15904088;;total RNA;SRX9005770;SRR12515171;paired_end;class1
GSM4745506;;tissue: liver;age: 8 weeks;1;Male;;GSE156856;SRA: https://www.ncbi.nlm.nih.gov/sra?term=SRX9005771 BioSample: https://www.ncbi.nlm.nih.gov/biosample/SAMN15904087;;total RNA;SRX9005771;SRR12515172;paired_end;class1
GSM4745507;;tissue: liver;age: 8 weeks;1;Male;;GSE156856;SRA: https://www.ncbi.nlm.nih.gov/sra?term=SRX9005772 BioSample: https://www.ncbi.nlm.nih.gov/biosample/SAMN15904086;;total RNA;SRX9005772;SRR12515173;paired_end;class1
GSM4745508;;tissue: liver;age: 8 weeks;1;Male;;GSE156856;SRA: https://www.ncbi.nlm.nih.gov/sra?term=SRX9005773 BioSample: https://www.ncbi.nlm.nih.gov/biosample/SAMN15904085;;total RNA;SRX9005773;SRR12515174;paired_end;class1
GSM4745514;;tissue: liver;age: 8 weeks;1;Female;;GSE156856;SRA: https://www.ncbi.nlm.nih.gov/sra?term=SRX9005779 BioSample: https://www.ncbi.nlm.nih.gov/biosample/SAMN15904127;;total RNA;SRX9005779;SRR12515180;paired_end;class1
GSM4745515;;tissue: liver;age: 8 weeks;1;Female;;GSE156856;SRA: https://www.ncbi.nlm.nih.gov/sra?term=SRX9005780 BioSample: https://www.ncbi.nlm.nih.gov/biosample/SAMN15904126;;total RNA;SRX9005780;SRR12515181;paired_end;class1
GSM4745516;;tissue: liver;age: 8 weeks;1;Female;;GSE156856;SRA: https://www.ncbi.nlm.nih.gov/sra?term=SRX9005781 BioSample: https://www.ncbi.nlm.nih.gov/biosample/SAMN15904125;;total RNA;SRX9005781;SRR12515182;paired_end;class1
GSM4745517;;tissue: liver;age: 8 weeks;1;Female;;GSE156856;SRA: https://www.ncbi.nlm.nih.gov/sra?term=SRX9005782 BioSample: https://www.ncbi.nlm.nih.gov/biosample/SAMN15904124;;total RNA;SRX9005782;SRR12515183;paired_end;class1
GSM4745518;;tissue: liver;age: 8 weeks;1;Female;;GSE156856;SRA: https://www.ncbi.nlm.nih.gov/sra?term=SRX9005783 BioSample: https://www.ncbi.nlm.nih.gov/biosample/SAMN15904123;;total RNA;SRX9005783;SRR12515184;paired_end;class1
GSM4048705;tissue: liver;;age: PND22;1;Female;dam treatment: control;GSE136417;['BioSample: https://www.ncbi.nlm.nih.gov/biosample/SAMN12642682';'SRA: https://www.ncbi.nlm.nih.gov/sra?term=SRX6762203'];['total RNA'];['Illumina NovaSeq 6000'];SRR10025165;paired_end;class1
GSM4048706;tissue: liver;;age: PND22;1;Female;dam treatment: control;GSE136417;['BioSample: https://www.ncbi.nlm.nih.gov/biosample/SAMN12642681';'SRA: https://www.ncbi.nlm.nih.gov/sra?term=SRX6762204'];['total RNA'];['Illumina NovaSeq 6000'];SRR10025166;paired_end;class1
GSM4048707;tissue: liver;;age: PND22;1;Female;dam treatment: control;GSE136417;['BioSample: https://www.ncbi.nlm.nih.gov/biosample/SAMN12642650';'SRA: https://www.ncbi.nlm.nih.gov/sra?term=SRX6762205'];['total RNA'];['Illumina NovaSeq 6000'];SRR10025167;paired_end;class1
GSM4369027;strain: C3H;treatment type: Non-Irradiated Control;time: 2 months;2;Male;replicate: 3;GSE146254;['BioSample: https://www.ncbi.nlm.nih.gov/biosample/SAMN14260188';'SRA: https://www.ncbi.nlm.nih.gov/sra?term=SRX7828796'];['total RNA'];['Illumina HiSeq 1500'];SRR11216556;paired_end;class1
GSM4369028;strain: C3H;treatment type: Non-Irradiated Control;time: 2 months;2;Male;replicate: 3;GSE146254;['BioSample: https://www.ncbi.nlm.nih.gov/biosample/SAMN14260187';'SRA: https://www.ncbi.nlm.nih.gov/sra?term=SRX7828797'];['total RNA'];['Illumina HiSeq 1500'];SRR11216557;paired_end;class1
GSM4369029;strain: C3H;treatment type: Non-Irradiated Control;time: 2 months;2;Male;replicate: 3;GSE146254;['BioSample: https://www.ncbi.nlm.nih.gov/biosample/SAMN14260186';'SRA: https://www.ncbi.nlm.nih.gov/sra?term=SRX7828798'];['total RNA'];['Illumina HiSeq 1500'];SRR11216558;paired_end;class1
GSM1605486;strain: C57BL/6;tissue: Liver;age: 2 month;2;Female;genotype: Wild Type;GSE65772;['BioSample: https://www.ncbi.nlm.nih.gov/biosample/SAMN03333615';'SRA: https://www.ncbi.nlm.nih.gov/sra?term=SRX870145'];['polyA RNA'];['Illumina HiSeq 2000'];SRR1794770;paired_end;class1
GSM1605487;strain: C57BL/6;tissue: Liver;age: 2 month;2;Female;genotype: Wild Type;GSE65772;['BioSample: https://www.ncbi.nlm.nih.gov/biosample/SAMN03333689';'SRA: https://www.ncbi.nlm.nih.gov/sra?term=SRX870146'];['polyA RNA'];['Illumina HiSeq 2000'];SRR1794771;paired_end;class1
GSM1605488;strain: C57BL/6;tissue: Liver;age: 2 month;2;Female;genotype: Wild Type;GSE65772;['BioSample: https://www.ncbi.nlm.nih.gov/biosample/SAMN03333763';'SRA: https://www.ncbi.nlm.nih.gov/sra?term=SRX870147'];['polyA RNA'];['Illumina HiSeq 2000'];SRR1794772;paired_end;class1
GSM1605489;strain: C57BL/6;tissue: Liver;age: 2 month;2;Female;genotype: Wild Type;GSE65772;['BioSample: https://www.ncbi.nlm.nih.gov/biosample/SAMN03333739';'SRA: https://www.ncbi.nlm.nih.gov/sra?term=SRX870148'];['polyA RNA'];['Illumina HiSeq 2000'];SRR1794773;paired_end;class1
GSM1605490;strain: C57BL/6;tissue: Liver;age: 2 month;2;Male;genotype: Wild Type;GSE65772;['BioSample: https://www.ncbi.nlm.nih.gov/biosample/SAMN03333800';'SRA: https://www.ncbi.nlm.nih.gov/sra?term=SRX870149'];['polyA RNA'];['Illumina HiSeq 2000'];SRR1794774;paired_end;class1
GSM1605491;strain: C57BL/6;tissue: Liver;age: 2 month;2;Male;genotype: Wild Type;GSE65772;['BioSample: https://www.ncbi.nlm.nih.gov/biosample/SAMN03333667';'SRA: https://www.ncbi.nlm.nih.gov/sra?term=SRX870150'];['polyA RNA'];['Illumina HiSeq 2000'];SRR1794775;paired_end;class1
GSM1605492;strain: C57BL/6;tissue: Liver;age: 2 month;2;Male;genotype: Wild Type;GSE65772;['BioSample: https://www.ncbi.nlm.nih.gov/biosample/SAMN03333704';'SRA: https://www.ncbi.nlm.nih.gov/sra?term=SRX870151'];['polyA RNA'];['Illumina HiSeq 2000'];SRR1794776;paired_end;class1
GSM1605493;strain: C57BL/6;tissue: Liver;age: 2 month;2;Male;genotype: Wild Type;GSE65772;['BioSample: https://www.ncbi.nlm.nih.gov/biosample/SAMN03333779';'SRA: https://www.ncbi.nlm.nih.gov/sra?term=SRX870152'];['polyA RNA'];['Illumina HiSeq 2000'];SRR1794777;paired_end;class1
GSM3984366;strain: C57BL/6;tissue: Liver;age: 3 months;3;Male;;GSE135050;['BioSample: https://www.ncbi.nlm.nih.gov/biosample/SAMN12391646';'SRA: https://www.ncbi.nlm.nih.gov/sra?term=SRX6610036'];['total RNA'];['Illumina HiSeq 2500'];SRR9856034;single_end;class1
GSM3984367;strain: C57BL/6;tissue: Liver;age: 3 months;3;Male;;GSE135050;['BioSample: https://www.ncbi.nlm.nih.gov/biosample/SAMN12391645';'SRA: https://www.ncbi.nlm.nih.gov/sra?term=SRX6610037'];['total RNA'];['Illumina HiSeq 2500'];SRR9856035;single_end;class1
GSM3984368;strain: C57BL/6;tissue: Liver;age: 3 months;3;Male;;GSE135050;['BioSample: https://www.ncbi.nlm.nih.gov/biosample/SAMN12391644';'SRA: https://www.ncbi.nlm.nih.gov/sra?term=SRX6610038'];['total RNA'];['Illumina HiSeq 2500'];SRR9856036;single_end;class1
GSM2046155;strain: C57BL/6j;tissue: liver;15-16 weeks;4;Male;Zeitgebers ZT02;GSE114400;;;;Illumina HiSeq 2500;SRR7161656;paired_end;class1
GSM2046156;strain: C57BL/6j;tissue: liver;15-16 weeks;4;Male;ZT06;GSE114400;;;;SRX4080515;SRR7161664;paired_end;class1
GSM2046157;strain: C57BL/6j;tissue: liver;15-16 weeks;4;Male;ZT10;GSE114400;;;;SRX4080516;SRR7161672;paired_end;class1
GSM2046158;strain: C57BL/6j;tissue: liver;15-16 weeks;4;Male;ZT14;GSE114400;;;;SRX4080517;SRR7161680;paired_end;class1
GSM2046159;strain: C57BL/6j;tissue: liver;15-16 weeks;4;Male;ZT18;GSE114400;;;;SRX4080518;SRR7161688;paired_end;class1
GSM2046160;strain: C57BL/6j;tissue: liver;15-16 weeks;4;Male;ZT22;GSE114400;;;;SRX4080519;SRR7161696;paired_end;class1
GSM2046179;strain: C57BL/6j;tissue: liver;15-16 weeks;4;Male;ZT02;GSE114400;;;;SRX4080520;SRR7161704;paired_end;class1
GSM2046180;strain: C57BL/6j;tissue: liver;15-16 weeks;4;Male;ZT06;GSE114400;;;;SRX4080521;SRR7161712;paired_end;class1
GSM2046181;strain: C57BL/6j;tissue: liver;15-16 weeks;4;Male;ZT10;GSE114400;;;;SRX4080522;SRR7161720;paired_end;class1
GSM2046182;strain: C57BL/6j;tissue: liver;15-16 weeks;4;Male;ZT14;GSE114400;;;;SRX4080523;SRR7161728;paired_end;class1
GSM2046183;strain: C57BL/6j;tissue: liver;15-16 weeks;4;Male;ZT18;GSE114400;;;;SRX4080524;SRR7161736;paired_end;class1
GSM2046184;strain: C57BL/6j;tissue: liver;15-16 weeks;4;Male;ZT22;GSE114400;;;;SRX4080525;SRR7161744;paired_end;class1
GSM2355588;strain: C57BL/6j;tissue: liver;15-16 weeks;4;Female;ZT02;GSE114400;;;;SRX4080538;SRR7161848;paired_end;class1
GSM2355589;strain: C57BL/6j;tissue: liver;15-16 weeks;4;Female;ZT06;GSE114400;;;;SRX4080539;SRR7161856;paired_end;class1
GSM2355590;strain: C57BL/6j;tissue: liver;15-16 weeks;4;Female;ZT10;GSE114400;;;;SRX4080540;SRR7161864;paired_end;class1
GSM2355591;strain: C57BL/6j;tissue: liver;15-16 weeks;4;Female;ZT14;GSE114400;;;;SRX4080541;SRR7161872;paired_end;class1
GSM2355592;strain: C57BL/6j;tissue: liver;15-16 weeks;4;Female;ZT18;GSE114400;;;;SRX4080542;SRR7161880;paired_end;class1
GSM2355593;strain: C57BL/6j;tissue: liver;15-16 weeks;4;Female;ZT22;GSE114400;;;;SRX4080543;SRR7161888;paired_end;class1
GSM2355594;strain: C57BL/6j;tissue: liver;15-16 weeks;4;Female;ZT02;GSE114400;;;;SRX4080544;SRR7161896;paired_end;class1
GSM2355595;strain: C57BL/6j;tissue: liver;15-16 weeks;4;Female;ZT06;GSE114400;;;;SRX4080545;SRR7161904;paired_end;class1
GSM2355596;strain: C57BL/6j;tissue: liver;15-16 weeks;4;Female;ZT10;GSE114400;;;;SRX4080546;SRR7161912;paired_end;class1
GSM2355597;strain: C57BL/6j;tissue: liver;15-16 weeks;4;Female;ZT14;GSE114400;;;;SRX4080547;SRR7161920;paired_end;class1
GSM2355598;strain: C57BL/6j;tissue: liver;15-16 weeks;4;Female;ZT18;GSE114400;;;;SRX4080548;SRR7161928;paired_end;class1
GSM2355599;strain: C57BL/6j;tissue: liver;15-16 weeks;4;Female;ZT22;GSE114400;;;;SRX4080549;SRR7161936;paired_end;class1
GSM4199811;strain: C57BL/6J;organ: Liver;age (months): 4;4;Male;pfu (influenza): 0;GSE141252;['BioSample: https://www.ncbi.nlm.nih.gov/biosample/SAMN13445771';'SRA: https://www.ncbi.nlm.nih.gov/sra?term=SRX7255006'];['total RNA'];['Illumina NextSeq 500'];SRR10573586;single_end;class1
GSM4199564;strain: C57BL/6J;organ: Liver;age (months): 4;4;Male;pfu (influenza): 0;GSE141252;['BioSample: https://www.ncbi.nlm.nih.gov/biosample/SAMN13443411';'SRA: https://www.ncbi.nlm.nih.gov/sra?term=SRX7255061'];['total RNA'];['Illumina NextSeq 500'];SRR10573847;single_end;class1
GSM4199547;strain: C57BL/6J;organ: Liver;age (months): 4;4;Male;pfu (influenza): 0;GSE141252;['BioSample: https://www.ncbi.nlm.nih.gov/biosample/SAMN13443434';'SRA: https://www.ncbi.nlm.nih.gov/sra?term=SRX7255220'];['total RNA'];['Illumina NextSeq 500'];SRR10573830;single_end;class1
GSM4199530;strain: C57BL/6J;organ: Liver;age (months): 4;4;Male;pfu (influenza): 0;GSE141252;['BioSample: https://www.ncbi.nlm.nih.gov/biosample/SAMN13443296';'SRA: https://www.ncbi.nlm.nih.gov/sra?term=SRX7255331'];['total RNA'];['Illumina NextSeq 500'];SRR10573813;single_end;class1
GSM4199778;strain: C57BL/6J;organ: Liver;age (months): 4;4;Male;pfu (influenza): 0;GSE141252;['BioSample: https://www.ncbi.nlm.nih.gov/biosample/SAMN13445819';'SRA: https://www.ncbi.nlm.nih.gov/sra?term=SRX7255435'];['total RNA'];['Illumina NextSeq 500'];SRR10573553;single_end;class1
GSM4199794;strain: C57BL/6J;organ: Liver;age (months): 4;4;Male;pfu (influenza): 0;GSE141252;['BioSample: https://www.ncbi.nlm.nih.gov/biosample/SAMN13445785';'SRA: https://www.ncbi.nlm.nih.gov/sra?term=SRX7255489'];['total RNA'];['Illumina NextSeq 500'];SRR10573569;single_end;class1
GSM4369030;strain: C3H;treatment type: Non-Irradiated Control;time: 4 months;4;Male;;GSE146254;['BioSample: https://www.ncbi.nlm.nih.gov/biosample/SAMN14260185';'SRA: https://www.ncbi.nlm.nih.gov/sra?term=SRX7828799'];['total RNA'];;SRR11216559;paired_end;class1
GSM4369031;strain: C3H;treatment type: Non-Irradiated Control;time: 4 months;4;Male;;GSE146254;['BioSample: https://www.ncbi.nlm.nih.gov/biosample/SAMN14260184';'SRA: https://www.ncbi.nlm.nih.gov/sra?term=SRX7828800'];['total RNA'];;SRR11216560;paired_end;class1
GSM4369032;strain: C3H;treatment type: Non-Irradiated Control;time: 4 months;4;Male;;GSE146254;['BioSample: https://www.ncbi.nlm.nih.gov/biosample/SAMN14260183';'SRA: https://www.ncbi.nlm.nih.gov/sra?term=SRX7828801'];['total RNA'];;SRR11216561;paired_end;class1
GSM4048711;tissue: liver;dam treatment: control;age: 6 months;6;Female;;GSE136417;['BioSample: https://www.ncbi.nlm.nih.gov/biosample/SAMN12642684';'SRA: https://www.ncbi.nlm.nih.gov/sra?term=SRX6762209'];['total RNA'];['Illumina NovaSeq 6000'];SRR10025171;paired_end;class2
GSM4048712;tissue: liver;dam treatment: control;age: 6 months;6;Female;;GSE136417;['BioSample: https://www.ncbi.nlm.nih.gov/biosample/SAMN12642683';'SRA: https://www.ncbi.nlm.nih.gov/sra?term=SRX6762210'];['total RNA'];['Illumina NovaSeq 6000'];SRR10025172;paired_end;class2
GSM4048713;tissue: liver;dam treatment: control;age: 6 months;6;Female;;GSE136417;['BioSample: https://www.ncbi.nlm.nih.gov/biosample/SAMN12642646';'SRA: https://www.ncbi.nlm.nih.gov/sra?term=SRX6762211'];['total RNA'];['Illumina NovaSeq 6000'];SRR10025173;paired_end;class2
GSM1869559;strain: Diversity Outbred (JAX#009376);tissue: liver;age: post natal 26 weeks;6;Female;diet: Standard Chow;GSE72759;['BioSample: https://www.ncbi.nlm.nih.gov/biosample/SAMN04039772';;['total RNA'];;SRR2297461;single_end;class2
GSM1869560;strain: Diversity Outbred (JAX#009376);tissue: liver;age: post natal 26 weeks;6;Female;diet: Standard Chow;GSE72759;['BioSample: https://www.ncbi.nlm.nih.gov/biosample/SAMN04039773';;['total RNA'];;SRR2297462;single_end;class2
GSM1869561;strain: Diversity Outbred (JAX#009376);tissue: liver;age: post natal 26 weeks;6;Female;diet: Standard Chow;GSE72759;['BioSample: https://www.ncbi.nlm.nih.gov/biosample/SAMN04039774';;['total RNA'];;SRR2297463;single_end;class2
GSM1869562;strain: Diversity Outbred (JAX#009376);tissue: liver;age: post natal 26 weeks;6;Female;diet: Standard Chow;GSE72759;['BioSample: https://www.ncbi.nlm.nih.gov/biosample/SAMN04039775';;['total RNA'];;SRR2297464;single_end;class2
GSM1869563;strain: Diversity Outbred (JAX#009376);tissue: liver;age: post natal 26 weeks;6;Female;diet: Standard Chow;GSE72759;['BioSample: https://www.ncbi.nlm.nih.gov/biosample/SAMN04039776';;['total RNA'];;SRR2297465;single_end;class2
GSM1869564;strain: Diversity Outbred (JAX#009376);tissue: liver;age: post natal 26 weeks;6;Female;diet: Standard Chow;GSE72759;['BioSample: https://www.ncbi.nlm.nih.gov/biosample/SAMN04039777';;['total RNA'];;SRR2297466;single_end;class2
GSM1869565;strain: Diversity Outbred (JAX#009376);tissue: liver;age: post natal 26 weeks;6;Female;diet: Standard Chow;GSE72759;['BioSample: https://www.ncbi.nlm.nih.gov/biosample/SAMN04039778';;['total RNA'];;SRR2297467;single_end;class2
GSM1869566;strain: Diversity Outbred (JAX#009376);tissue: liver;age: post natal 26 weeks;6;Female;diet: Standard Chow;GSE72759;['BioSample: https://www.ncbi.nlm.nih.gov/biosample/SAMN04039779';;['total RNA'];;SRR2297468;single_end;class2
GSM1869567;strain: Diversity Outbred (JAX#009376);tissue: liver;age: post natal 26 weeks;6;Female;diet: Standard Chow;GSE72759;['BioSample: https://www.ncbi.nlm.nih.gov/biosample/SAMN04039780';;['total RNA'];;SRR2297469;single_end;class2
GSM1869568;strain: Diversity Outbred (JAX#009376);tissue: liver;age: post natal 26 weeks;6;Female;diet: Standard Chow;GSE72759;['BioSample: https://www.ncbi.nlm.nih.gov/biosample/SAMN04039781';;['total RNA'];;SRR2297470;single_end;class2
GSM1869569;strain: Diversity Outbred (JAX#009376);tissue: liver;age: post natal 26 weeks;6;Female;diet: Standard Chow;GSE72759;['BioSample: https://www.ncbi.nlm.nih.gov/biosample/SAMN04039782';;['total RNA'];;SRR2297471;single_end;class2
GSM1869570;strain: Diversity Outbred (JAX#009376);tissue: liver;age: post natal 26 weeks;6;Female;diet: Standard Chow;GSE72759;['BioSample: https://www.ncbi.nlm.nih.gov/biosample/SAMN04039783';;['total RNA'];;SRR2297472;single_end;class2
GSM1869571;strain: Diversity Outbred (JAX#009376);tissue: liver;age: post natal 26 weeks;6;Female;diet: Standard Chow;GSE72759;['BioSample: https://www.ncbi.nlm.nih.gov/biosample/SAMN04039784';;['total RNA'];;SRR2297473;single_end;class2
GSM1869572;strain: Diversity Outbred (JAX#009376);tissue: liver;age: post natal 26 weeks;6;Female;diet: Standard Chow;GSE72759;['BioSample: https://www.ncbi.nlm.nih.gov/biosample/SAMN04039785';;['total RNA'];;SRR2297474;single_end;class2
GSM1869573;strain: Diversity Outbred (JAX#009376);tissue: liver;age: post natal 26 weeks;6;Female;diet: Standard Chow;GSE72759;['BioSample: https://www.ncbi.nlm.nih.gov/biosample/SAMN04039786';;['total RNA'];;SRR2297475;single_end;class2
GSM1869574;strain: Diversity Outbred (JAX#009376);tissue: liver;age: post natal 26 weeks;6;Female;diet: Standard Chow;GSE72759;['BioSample: https://www.ncbi.nlm.nih.gov/biosample/SAMN04039787';;['total RNA'];;SRR2297476;single_end;class2
GSM1869575;strain: Diversity Outbred (JAX#009376);tissue: liver;age: post natal 26 weeks;6;Female;diet: Standard Chow;GSE72759;['BioSample: https://www.ncbi.nlm.nih.gov/biosample/SAMN04039788';;['total RNA'];;SRR2297477;single_end;class2
GSM1869576;strain: Diversity Outbred (JAX#009376);tissue: liver;age: post natal 26 weeks;6;Female;diet: Standard Chow;GSE72759;['BioSample: https://www.ncbi.nlm.nih.gov/biosample/SAMN04039789';;['total RNA'];;SRR2297478;single_end;class2
GSM1869577;strain: Diversity Outbred (JAX#009376);tissue: liver;age: post natal 26 weeks;6;Female;diet: Standard Chow;GSE72759;['BioSample: https://www.ncbi.nlm.nih.gov/biosample/SAMN04039790';;['total RNA'];;SRR2297479;single_end;class2
GSM1869578;strain: Diversity Outbred (JAX#009376);tissue: liver;age: post natal 26 weeks;6;Female;diet: Standard Chow;GSE72759;['BioSample: https://www.ncbi.nlm.nih.gov/biosample/SAMN04039791';;['total RNA'];;SRR2297480;single_end;class2
GSM1869579;strain: Diversity Outbred (JAX#009376);tissue: liver;age: post natal 26 weeks;6;Female;diet: Standard Chow;GSE72759;['BioSample: https://www.ncbi.nlm.nih.gov/biosample/SAMN04039792';;['total RNA'];;SRR2297481;single_end;class2
GSM1869580;strain: Diversity Outbred (JAX#009376);tissue: liver;age: post natal 26 weeks;6;Female;diet: Standard Chow;GSE72759;['BioSample: https://www.ncbi.nlm.nih.gov/biosample/SAMN04039793';;['total RNA'];;SRR2297482;single_end;class2
GSM1869581;strain: Diversity Outbred (JAX#009376);tissue: liver;age: post natal 26 weeks;6;Female;diet: Standard Chow;GSE72759;['BioSample: https://www.ncbi.nlm.nih.gov/biosample/SAMN04039794';;['total RNA'];;SRR2297483;single_end;class2
GSM1869582;strain: Diversity Outbred (JAX#009376);tissue: liver;age: post natal 26 weeks;6;Female;diet: Standard Chow;GSE72759;['BioSample: https://www.ncbi.nlm.nih.gov/biosample/SAMN04039795';;['total RNA'];;SRR2297484;single_end;class2
GSM1869583;strain: Diversity Outbred (JAX#009376);tissue: liver;age: post natal 26 weeks;6;Female;diet: Standard Chow;GSE72759;['BioSample: https://www.ncbi.nlm.nih.gov/biosample/SAMN04039796';;['total RNA'];;SRR2297485;single_end;class2
GSM1869584;strain: Diversity Outbred (JAX#009376);tissue: liver;age: post natal 26 weeks;6;Female;diet: Standard Chow;GSE72759;['BioSample: https://www.ncbi.nlm.nih.gov/biosample/SAMN04039797';;['total RNA'];;SRR2297486;single_end;class2
GSM1869585;strain: Diversity Outbred (JAX#009376);tissue: liver;age: post natal 26 weeks;6;Female;diet: Standard Chow;GSE72759;['BioSample: https://www.ncbi.nlm.nih.gov/biosample/SAMN04039798';;['total RNA'];;SRR2297487;single_end;class2
GSM1869586;strain: Diversity Outbred (JAX#009376);tissue: liver;age: post natal 26 weeks;6;Female;diet: Standard Chow;GSE72759;['BioSample: https://www.ncbi.nlm.nih.gov/biosample/SAMN04039653';;['total RNA'];;SRR2297488;single_end;class2
GSM1869587;strain: Diversity Outbred (JAX#009376);tissue: liver;age: post natal 26 weeks;6;Female;diet: Standard Chow;GSE72759;['BioSample: https://www.ncbi.nlm.nih.gov/biosample/SAMN04039654';;['total RNA'];;SRR2297489;single_end;class2
GSM1869588;strain: Diversity Outbred (JAX#009376);tissue: liver;age: post natal 26 weeks;6;Female;diet: Standard Chow;GSE72759;['BioSample: https://www.ncbi.nlm.nih.gov/biosample/SAMN04039655';;['total RNA'];;SRR2297490;single_end;class2
GSM1869589;strain: Diversity Outbred (JAX#009376);tissue: liver;age: post natal 26 weeks;6;Female;diet: Standard Chow;GSE72759;['BioSample: https://www.ncbi.nlm.nih.gov/biosample/SAMN04039656';;['total RNA'];;SRR2297491;single_end;class2
GSM1869590;strain: Diversity Outbred (JAX#009376);tissue: liver;age: post natal 26 weeks;6;Female;diet: Standard Chow;GSE72759;['BioSample: https://www.ncbi.nlm.nih.gov/biosample/SAMN04039657';;['total RNA'];;SRR2297492;single_end;class2
GSM1869591;strain: Diversity Outbred (JAX#009376);tissue: liver;age: post natal 26 weeks;6;Female;diet: Standard Chow;GSE72759;['BioSample: https://www.ncbi.nlm.nih.gov/biosample/SAMN04039658';;['total RNA'];;SRR2297493;single_end;class2
GSM1869592;strain: Diversity Outbred (JAX#009376);tissue: liver;age: post natal 26 weeks;6;Female;diet: Standard Chow;GSE72759;['BioSample: https://www.ncbi.nlm.nih.gov/biosample/SAMN04039659';;['total RNA'];;SRR2297494;single_end;class2
GSM1869593;strain: Diversity Outbred (JAX#009376);tissue: liver;age: post natal 26 weeks;6;Female;diet: Standard Chow;GSE72759;['BioSample: https://www.ncbi.nlm.nih.gov/biosample/SAMN04039799';;['total RNA'];;SRR2297495;single_end;class2
GSM1869594;strain: Diversity Outbred (JAX#009376);tissue: liver;age: post natal 26 weeks;6;Female;diet: Standard Chow;GSE72759;['BioSample: https://www.ncbi.nlm.nih.gov/biosample/SAMN04039800';;['total RNA'];;SRR2297496;single_end;class2
GSM1869595;strain: Diversity Outbred (JAX#009376);tissue: liver;age: post natal 26 weeks;6;Female;diet: Standard Chow;GSE72759;['BioSample: https://www.ncbi.nlm.nih.gov/biosample/SAMN04039652';;['total RNA'];;SRR2297497;single_end;class2
GSM1869596;strain: Diversity Outbred (JAX#009376);tissue: liver;age: post natal 26 weeks;6;Female;diet: Standard Chow;GSE72759;['BioSample: https://www.ncbi.nlm.nih.gov/biosample/SAMN04039660';;['total RNA'];;SRR2297498;single_end;class2
GSM1869597;strain: Diversity Outbred (JAX#009376);tissue: liver;age: post natal 26 weeks;6;Female;diet: Standard Chow;GSE72759;['BioSample: https://www.ncbi.nlm.nih.gov/biosample/SAMN04039661';;['total RNA'];;SRR2297499;single_end;class2
GSM1869598;strain: Diversity Outbred (JAX#009376);tissue: liver;age: post natal 26 weeks;6;Female;diet: Standard Chow;GSE72759;['BioSample: https://www.ncbi.nlm.nih.gov/biosample/SAMN04039662';;['total RNA'];;SRR2297500;single_end;class2
GSM1869599;strain: Diversity Outbred (JAX#009376);tissue: liver;age: post natal 26 weeks;6;Female;diet: Standard Chow;GSE72759;['BioSample: https://www.ncbi.nlm.nih.gov/biosample/SAMN04039663';;['total RNA'];;SRR2297501;single_end;class2
GSM1869600;strain: Diversity Outbred (JAX#009376);tissue: liver;age: post natal 26 weeks;6;Female;diet: Standard Chow;GSE72759;['BioSample: https://www.ncbi.nlm.nih.gov/biosample/SAMN04039664';;['total RNA'];;SRR2297502;single_end;class2
GSM1869601;strain: Diversity Outbred (JAX#009376);tissue: liver;age: post natal 26 weeks;6;Female;diet: Standard Chow;GSE72759;['BioSample: https://www.ncbi.nlm.nih.gov/biosample/SAMN04039665';;['total RNA'];;SRR2297503;single_end;class2
GSM1869602;strain: Diversity Outbred (JAX#009376);tissue: liver;age: post natal 26 weeks;6;Female;diet: Standard Chow;GSE72759;['BioSample: https://www.ncbi.nlm.nih.gov/biosample/SAMN04039666';;['total RNA'];;SRR2297504;single_end;class2
GSM1869603;strain: Diversity Outbred (JAX#009376);tissue: liver;age: post natal 26 weeks;6;Female;diet: Standard Chow;GSE72759;['BioSample: https://www.ncbi.nlm.nih.gov/biosample/SAMN04039667';;['total RNA'];;SRR2297505;single_end;class2
GSM1869604;strain: Diversity Outbred (JAX#009376);tissue: liver;age: post natal 26 weeks;6;Female;diet: Standard Chow;GSE72759;['BioSample: https://www.ncbi.nlm.nih.gov/biosample/SAMN04039668';;['total RNA'];;SRR2297506;single_end;class2
GSM1869605;strain: Diversity Outbred (JAX#009376);tissue: liver;age: post natal 26 weeks;6;Female;diet: Standard Chow;GSE72759;['BioSample: https://www.ncbi.nlm.nih.gov/biosample/SAMN04039669';;['total RNA'];;SRR2297507;single_end;class2
GSM1869606;strain: Diversity Outbred (JAX#009376);tissue: liver;age: post natal 26 weeks;6;Female;diet: Standard Chow;GSE72759;['BioSample: https://www.ncbi.nlm.nih.gov/biosample/SAMN04039670';;['total RNA'];;SRR2297508;single_end;class2
GSM1869607;strain: Diversity Outbred (JAX#009376);tissue: liver;age: post natal 26 weeks;6;Female;diet: Standard Chow;GSE72759;['BioSample: https://www.ncbi.nlm.nih.gov/biosample/SAMN04039671';;['total RNA'];;SRR2297509;single_end;class2
GSM1869608;strain: Diversity Outbred (JAX#009376);tissue: liver;age: post natal 26 weeks;6;Female;diet: Standard Chow;GSE72759;['BioSample: https://www.ncbi.nlm.nih.gov/biosample/SAMN04039672';;['total RNA'];;SRR2297510;single_end;class2
GSM1869755;strain: Diversity Outbred (JAX#009376);tissue: liver;age: post natal 26 weeks;6;Male;diet: Standard Chow;GSE72759;['BioSample: https://www.ncbi.nlm.nih.gov/biosample/SAMN04039723';;['total RNA'];;SRR2297657;single_end;class2
GSM1869756;strain: Diversity Outbred (JAX#009376);tissue: liver;age: post natal 26 weeks;6;Male;diet: Standard Chow;GSE72759;['BioSample: https://www.ncbi.nlm.nih.gov/biosample/SAMN04039724';;['total RNA'];;SRR2297658;single_end;class2
GSM1869757;strain: Diversity Outbred (JAX#009376);tissue: liver;age: post natal 26 weeks;6;Male;diet: Standard Chow;GSE72759;['BioSample: https://www.ncbi.nlm.nih.gov/biosample/SAMN04039725';;['total RNA'];;SRR2297659;single_end;class2
GSM1869758;strain: Diversity Outbred (JAX#009376);tissue: liver;age: post natal 26 weeks;6;Male;diet: Standard Chow;GSE72759;['BioSample: https://www.ncbi.nlm.nih.gov/biosample/SAMN04039726';;['total RNA'];;SRR2297660;single_end;class2
GSM1869759;strain: Diversity Outbred (JAX#009376);tissue: liver;age: post natal 26 weeks;6;Male;diet: Standard Chow;GSE72759;['BioSample: https://www.ncbi.nlm.nih.gov/biosample/SAMN04039727';;['total RNA'];;SRR2297661;single_end;class2
GSM1869760;strain: Diversity Outbred (JAX#009376);tissue: liver;age: post natal 26 weeks;6;Male;diet: Standard Chow;GSE72759;['BioSample: https://www.ncbi.nlm.nih.gov/biosample/SAMN04039728';;['total RNA'];;SRR2297662;single_end;class2
GSM1869761;strain: Diversity Outbred (JAX#009376);tissue: liver;age: post natal 26 weeks;6;Male;diet: Standard Chow;GSE72759;['BioSample: https://www.ncbi.nlm.nih.gov/biosample/SAMN04039729';;['total RNA'];;SRR2297663;single_end;class2
GSM1869762;strain: Diversity Outbred (JAX#009376);tissue: liver;age: post natal 26 weeks;6;Male;diet: Standard Chow;GSE72759;['BioSample: https://www.ncbi.nlm.nih.gov/biosample/SAMN04039730';;['total RNA'];;SRR2297664;single_end;class2
GSM1869763;strain: Diversity Outbred (JAX#009376);tissue: liver;age: post natal 26 weeks;6;Male;diet: Standard Chow;GSE72759;['BioSample: https://www.ncbi.nlm.nih.gov/biosample/SAMN04039731';;['total RNA'];;SRR2297665;single_end;class2
GSM1869764;strain: Diversity Outbred (JAX#009376);tissue: liver;age: post natal 26 weeks;6;Male;diet: Standard Chow;GSE72759;['BioSample: https://www.ncbi.nlm.nih.gov/biosample/SAMN04039732';;['total RNA'];;SRR2297666;single_end;class2
GSM1869765;strain: Diversity Outbred (JAX#009376);tissue: liver;age: post natal 26 weeks;6;Male;diet: Standard Chow;GSE72759;['BioSample: https://www.ncbi.nlm.nih.gov/biosample/SAMN04039733';;['total RNA'];;SRR2297667;single_end;class2
GSM1869766;strain: Diversity Outbred (JAX#009376);tissue: liver;age: post natal 26 weeks;6;Male;diet: Standard Chow;GSE72759;['BioSample: https://www.ncbi.nlm.nih.gov/biosample/SAMN04039734';;['total RNA'];;SRR2297668;single_end;class2
GSM1869767;strain: Diversity Outbred (JAX#009376);tissue: liver;age: post natal 26 weeks;6;Male;diet: Standard Chow;GSE72759;['BioSample: https://www.ncbi.nlm.nih.gov/biosample/SAMN04039735';;['total RNA'];;SRR2297669;single_end;class2
GSM1869768;strain: Diversity Outbred (JAX#009376);tissue: liver;age: post natal 26 weeks;6;Male;diet: Standard Chow;GSE72759;['BioSample: https://www.ncbi.nlm.nih.gov/biosample/SAMN04039736';;['total RNA'];;SRR2297670;single_end;class2
GSM1869769;strain: Diversity Outbred (JAX#009376);tissue: liver;age: post natal 26 weeks;6;Male;diet: Standard Chow;GSE72759;['BioSample: https://www.ncbi.nlm.nih.gov/biosample/SAMN04039737';;['total RNA'];;SRR2297671;single_end;class2
GSM1869770;strain: Diversity Outbred (JAX#009376);tissue: liver;age: post natal 26 weeks;6;Male;diet: Standard Chow;GSE72759;['BioSample: https://www.ncbi.nlm.nih.gov/biosample/SAMN04039738';;['total RNA'];;SRR2297672;single_end;class2
GSM1869771;strain: Diversity Outbred (JAX#009376);tissue: liver;age: post natal 26 weeks;6;Male;diet: Standard Chow;GSE72759;['BioSample: https://www.ncbi.nlm.nih.gov/biosample/SAMN04039739';;['total RNA'];;SRR2297673;single_end;class2
GSM1869772;strain: Diversity Outbred (JAX#009376);tissue: liver;age: post natal 26 weeks;6;Male;diet: Standard Chow;GSE72759;['BioSample: https://www.ncbi.nlm.nih.gov/biosample/SAMN04039740';;['total RNA'];;SRR2297674;single_end;class2
GSM1869773;strain: Diversity Outbred (JAX#009376);tissue: liver;age: post natal 26 weeks;6;Male;diet: Standard Chow;GSE72759;['BioSample: https://www.ncbi.nlm.nih.gov/biosample/SAMN04039741';;['total RNA'];;SRR2297675;single_end;class2
GSM1869774;strain: Diversity Outbred (JAX#009376);tissue: liver;age: post natal 26 weeks;6;Male;diet: Standard Chow;GSE72759;['BioSample: https://www.ncbi.nlm.nih.gov/biosample/SAMN04039742';;['total RNA'];;SRR2297676;single_end;class2
GSM1869775;strain: Diversity Outbred (JAX#009376);tissue: liver;age: post natal 26 weeks;6;Male;diet: Standard Chow;GSE72759;['BioSample: https://www.ncbi.nlm.nih.gov/biosample/SAMN04039743';;['total RNA'];;SRR2297677;single_end;class2
GSM1869776;strain: Diversity Outbred (JAX#009376);tissue: liver;age: post natal 26 weeks;6;Male;diet: Standard Chow;GSE72759;['BioSample: https://www.ncbi.nlm.nih.gov/biosample/SAMN04039744';;['total RNA'];;SRR2297678;single_end;class2
GSM1869777;strain: Diversity Outbred (JAX#009376);tissue: liver;age: post natal 26 weeks;6;Male;diet: Standard Chow;GSE72759;['BioSample: https://www.ncbi.nlm.nih.gov/biosample/SAMN04039752';;['total RNA'];;SRR2297679;single_end;class2
GSM1869778;strain: Diversity Outbred (JAX#009376);tissue: liver;age: post natal 26 weeks;6;Male;diet: Standard Chow;GSE72759;['BioSample: https://www.ncbi.nlm.nih.gov/biosample/SAMN04039753';;['total RNA'];;SRR2297680;single_end;class2
GSM1869779;strain: Diversity Outbred (JAX#009376);tissue: liver;age: post natal 26 weeks;6;Male;diet: Standard Chow;GSE72759;['BioSample: https://www.ncbi.nlm.nih.gov/biosample/SAMN04039754';;['total RNA'];;SRR2297681;single_end;class2
GSM1869780;strain: Diversity Outbred (JAX#009376);tissue: liver;age: post natal 26 weeks;6;Male;diet: Standard Chow;GSE72759;['BioSample: https://www.ncbi.nlm.nih.gov/biosample/SAMN04039745';;['total RNA'];;SRR2297682;single_end;class2
GSM1869781;strain: Diversity Outbred (JAX#009376);tissue: liver;age: post natal 26 weeks;6;Male;diet: Standard Chow;GSE72759;['BioSample: https://www.ncbi.nlm.nih.gov/biosample/SAMN04039746';;['total RNA'];;SRR2297683;single_end;class2
GSM1869782;strain: Diversity Outbred (JAX#009376);tissue: liver;age: post natal 26 weeks;6;Male;diet: Standard Chow;GSE72759;['BioSample: https://www.ncbi.nlm.nih.gov/biosample/SAMN04039747';;['total RNA'];;SRR2297684;single_end;class2
GSM1869783;strain: Diversity Outbred (JAX#009376);tissue: liver;age: post natal 26 weeks;6;Male;diet: Standard Chow;GSE72759;['BioSample: https://www.ncbi.nlm.nih.gov/biosample/SAMN04039748';;['total RNA'];;SRR2297685;single_end;class2
GSM1869784;strain: Diversity Outbred (JAX#009376);tissue: liver;age: post natal 26 weeks;6;Male;diet: Standard Chow;GSE72759;['BioSample: https://www.ncbi.nlm.nih.gov/biosample/SAMN04039749';;['total RNA'];;SRR2297686;single_end;class2
GSM1869785;strain: Diversity Outbred (JAX#009376);tissue: liver;age: post natal 26 weeks;6;Male;diet: Standard Chow;GSE72759;['BioSample: https://www.ncbi.nlm.nih.gov/biosample/SAMN04039750';;['total RNA'];;SRR2297687;single_end;class2
GSM1869786;strain: Diversity Outbred (JAX#009376);tissue: liver;age: post natal 26 weeks;6;Male;diet: Standard Chow;GSE72759;['BioSample: https://www.ncbi.nlm.nih.gov/biosample/SAMN04039751';;['total RNA'];;SRR2297688;single_end;class2
GSM1869787;strain: Diversity Outbred (JAX#009376);tissue: liver;age: post natal 26 weeks;6;Male;diet: Standard Chow;GSE72759;['BioSample: https://www.ncbi.nlm.nih.gov/biosample/SAMN04039755';;['total RNA'];;SRR2297689;single_end;class2
GSM1869788;strain: Diversity Outbred (JAX#009376);tissue: liver;age: post natal 26 weeks;6;Male;diet: Standard Chow;GSE72759;['BioSample: https://www.ncbi.nlm.nih.gov/biosample/SAMN04039756';;['total RNA'];;SRR2297690;single_end;class2
GSM1869789;strain: Diversity Outbred (JAX#009376);tissue: liver;age: post natal 26 weeks;6;Male;diet: Standard Chow;GSE72759;['BioSample: https://www.ncbi.nlm.nih.gov/biosample/SAMN04039757';;['total RNA'];;SRR2297691;single_end;class2
GSM1869790;strain: Diversity Outbred (JAX#009376);tissue: liver;age: post natal 26 weeks;6;Male;diet: Standard Chow;GSE72759;['BioSample: https://www.ncbi.nlm.nih.gov/biosample/SAMN04039758';;['total RNA'];;SRR2297692;single_end;class2
GSM1869791;strain: Diversity Outbred (JAX#009376);tissue: liver;age: post natal 26 weeks;6;Male;diet: Standard Chow;GSE72759;['BioSample: https://www.ncbi.nlm.nih.gov/biosample/SAMN04039759';;['total RNA'];;SRR2297693;single_end;class2
GSM1869792;strain: Diversity Outbred (JAX#009376);tissue: liver;age: post natal 26 weeks;6;Male;diet: Standard Chow;GSE72759;['BioSample: https://www.ncbi.nlm.nih.gov/biosample/SAMN04039760';;['total RNA'];;SRR2297694;single_end;class2
GSM1869793;strain: Diversity Outbred (JAX#009376);tissue: liver;age: post natal 26 weeks;6;Male;diet: Standard Chow;GSE72759;['BioSample: https://www.ncbi.nlm.nih.gov/biosample/SAMN04039761';;['total RNA'];;SRR2297695;single_end;class2
GSM1869794;strain: Diversity Outbred (JAX#009376);tissue: liver;age: post natal 26 weeks;6;Male;diet: Standard Chow;GSE72759;['BioSample: https://www.ncbi.nlm.nih.gov/biosample/SAMN04039762';;['total RNA'];;SRR2297696;single_end;class2
GSM1869795;strain: Diversity Outbred (JAX#009376);tissue: liver;age: post natal 26 weeks;6;Male;diet: Standard Chow;GSE72759;['BioSample: https://www.ncbi.nlm.nih.gov/biosample/SAMN04039763';;['total RNA'];;SRR2297697;single_end;class2
GSM1869796;strain: Diversity Outbred (JAX#009376);tissue: liver;age: post natal 26 weeks;6;Male;diet: Standard Chow;GSE72759;['BioSample: https://www.ncbi.nlm.nih.gov/biosample/SAMN04039764';;['total RNA'];;SRR2297698;single_end;class2
GSM1869797;strain: Diversity Outbred (JAX#009376);tissue: liver;age: post natal 26 weeks;6;Male;diet: Standard Chow;GSE72759;['BioSample: https://www.ncbi.nlm.nih.gov/biosample/SAMN04039765';;['total RNA'];;SRR2297699;single_end;class2
GSM1869798;strain: Diversity Outbred (JAX#009376);tissue: liver;age: post natal 26 weeks;6;Male;diet: Standard Chow;GSE72759;['BioSample: https://www.ncbi.nlm.nih.gov/biosample/SAMN04039766';;['total RNA'];;SRR2297700;single_end;class2
GSM1869799;strain: Diversity Outbred (JAX#009376);tissue: liver;age: post natal 26 weeks;6;Male;diet: Standard Chow;GSE72759;['BioSample: https://www.ncbi.nlm.nih.gov/biosample/SAMN04039767';;['total RNA'];;SRR2297701;single_end;class2
GSM1869800;strain: Diversity Outbred (JAX#009376);tissue: liver;age: post natal 26 weeks;6;Male;diet: Standard Chow;GSE72759;['BioSample: https://www.ncbi.nlm.nih.gov/biosample/SAMN04039768';;['total RNA'];;SRR2297702;single_end;class2
GSM2197506;strain/background: C57BL6;genotype/variation: WT;age at sacrifice: 33-41 weeks;8;Male;;GSE83240;;['BioSample: https://www.ncbi.nlm.nih.gov/biosample/SAMN05226742';['total RNA'];;SRR3657797;paired_end;class2
GSM2197507;strain/background: C57BL6;genotype/variation: WT;age at sacrifice: 33-41 weeks;8;Male;;GSE83240;;['BioSample: https://www.ncbi.nlm.nih.gov/biosample/SAMN05226743';['total RNA'];;SRR3657798;paired_end;class2
GSM2197508;strain/background: C57BL6;genotype/variation: WT;age at sacrifice: 33-41 weeks;8;Male;;GSE83240;;['BioSample: https://www.ncbi.nlm.nih.gov/biosample/SAMN05226744';['total RNA'];;SRR3657799;paired_end;class2
GSM4369033;strain: C3H;treatment type: Non-Irradiated Control;time: 9 months;9;Male;;GSE146254;['BioSample: https://www.ncbi.nlm.nih.gov/biosample/SAMN14260242';'SRA: https://www.ncbi.nlm.nih.gov/sra?term=SRX7828802'];['total RNA'];;SRR11216562;paired_end;class2
GSM4369034;strain: C3H;treatment type: Non-Irradiated Control;time: 9 months;9;Male;;GSE146254;['BioSample: https://www.ncbi.nlm.nih.gov/biosample/SAMN14260241';'SRA: https://www.ncbi.nlm.nih.gov/sra?term=SRX7828803'];['total RNA'];;SRR11216563;paired_end;class2
GSM4369035;strain: C3H;treatment type: Non-Irradiated Control;time: 9 months;9;Male;;GSE146254;['BioSample: https://www.ncbi.nlm.nih.gov/biosample/SAMN14260240';'SRA: https://www.ncbi.nlm.nih.gov/sra?term=SRX7828804'];['total RNA'];;SRR11216564;paired_end;class2
GSM4199480;strain: C57BL/6J;organ: Liver;age (months): 9;9;Male;;GSE141252;['BioSample: https://www.ncbi.nlm.nih.gov/biosample/SAMN13443276';'SRA: https://www.ncbi.nlm.nih.gov/sra?term=SRX7255185'];['total RNA'];['Illumina NextSeq 500'];SRR10573763;single_end;class2
GSM4199496;strain: C57BL/6J;organ: Liver;age (months): 9;9;Male;;GSE141252;['BioSample: https://www.ncbi.nlm.nih.gov/biosample/SAMN13443260';'SRA: https://www.ncbi.nlm.nih.gov/sra?term=SRX7255409'];['total RNA'];['Illumina NextSeq 500'];SRR10573779;single_end;class2
GSM4199513;strain: C57BL/6J;organ: Liver;age (months): 9;9;Male;;GSE141252;['BioSample: https://www.ncbi.nlm.nih.gov/biosample/SAMN13443347';'SRA: https://www.ncbi.nlm.nih.gov/sra?term=SRX7255042'];['total RNA'];['Illumina NextSeq 500'];SRR10573796;single_end;class2
GSM4199728;strain: C57BL/6J;organ: Liver;age (months): 9;9;Male;;GSE141252;['BioSample: https://www.ncbi.nlm.nih.gov/biosample/SAMN13445808';'SRA: https://www.ncbi.nlm.nih.gov/sra?term=SRX7255081'];['total RNA'];['Illumina NextSeq 500'];SRR10574011;single_end;class2
GSM4199744;strain: C57BL/6J;organ: Liver;age (months): 9;9;Male;;GSE141252;['BioSample: https://www.ncbi.nlm.nih.gov/biosample/SAMN13445792';'SRA: https://www.ncbi.nlm.nih.gov/sra?term=SRX7255369'];['total RNA'];['Illumina NextSeq 500'];SRR10573519;single_end;class2
GSM4199761;strain: C57BL/6J;organ: Liver;age (months): 9;9;Male;;GSE141252;['BioSample: https://www.ncbi.nlm.nih.gov/biosample/SAMN13445720';'SRA: https://www.ncbi.nlm.nih.gov/sra?term=SRX7255194'];['total RNA'];['Illumina NextSeq 500'];SRR10573536;single_end;class2
GSM2995201;strain: C57BL/6;tissue: liver;age: 39 week;10;Male;genotype: wild type;GSE110524;BioSample: https://www.ncbi.nlm.nih.gov/biosample/SAMN08524322 SRA: https://www.ncbi.nlm.nih.gov/sra?term=SRX3688143;;total RNA;Illumina HiSeq 4000;SRR6714708;paired_end;class2
GSM2995202;strain: C57BL/6;tissue: liver;age: 39 week;10;Male;genotype: wild type;GSE110524;BioSample: https://www.ncbi.nlm.nih.gov/biosample/SAMN08524321 SRA: https://www.ncbi.nlm.nih.gov/sra?term=SRX3688144;;total RNA;Illumina HiSeq 4000;SRR6714709;paired_end;class2
GSM2995203;strain: C57BL/6;tissue: liver;age: 39 week;10;Male;genotype: wild type;GSE110524;BioSample: https://www.ncbi.nlm.nih.gov/biosample/SAMN08524320 SRA: https://www.ncbi.nlm.nih.gov/sra?term=SRX3688145;;total RNA;Illumina HiSeq 4000;SRR6714710;paired_end;class2
GSM2995204;strain: C57BL/6;tissue: liver;age: 39 week;10;Male;genotype: wild type;GSE110524;BioSample: https://www.ncbi.nlm.nih.gov/biosample/SAMN08524319 SRA: https://www.ncbi.nlm.nih.gov/sra?term=SRX3688146;;total RNA;Illumina HiSeq 4000;SRR6714711;paired_end;class2
GSM1605502;strain: C57BL/6;tissue: Liver;age: 10 month;10;Female;genotype: Wild Type;GSE65772;['BioSample: https://www.ncbi.nlm.nih.gov/biosample/SAMN03333691';'SRA: https://www.ncbi.nlm.nih.gov/sra?term=SRX870161'];['polyA RNA'];['Illumina HiSeq 2000'];SRR1794786;paired_end;class2
GSM1605503;strain: C57BL/6;tissue: Liver;age: 10 month;10;Female;genotype: Wild Type;GSE65772;['BioSample: https://www.ncbi.nlm.nih.gov/biosample/SAMN03333765';'SRA: https://www.ncbi.nlm.nih.gov/sra?term=SRX870162'];['polyA RNA'];['Illumina HiSeq 2000'];SRR1794787;paired_end;class2
GSM1605504;strain: C57BL/6;tissue: Liver;age: 10 month;10;Female;genotype: Wild Type;GSE65772;['BioSample: https://www.ncbi.nlm.nih.gov/biosample/SAMN03333620';'SRA: https://www.ncbi.nlm.nih.gov/sra?term=SRX870163'];['polyA RNA'];['Illumina HiSeq 2000'];SRR1794788;paired_end;class2
GSM1605505;strain: C57BL/6;tissue: Liver;age: 10 month;10;Female;genotype: Wild Type;GSE65772;['BioSample: https://www.ncbi.nlm.nih.gov/biosample/SAMN03333798';'SRA: https://www.ncbi.nlm.nih.gov/sra?term=SRX870164'];['polyA RNA'];['Illumina HiSeq 2000'];SRR1794789;paired_end;class2
GSM1605506;strain: C57BL/6;tissue: Liver;age: 10 month;10;Male;genotype: Wild Type;GSE65772;['BioSample: https://www.ncbi.nlm.nih.gov/biosample/SAMN03333755';'SRA: https://www.ncbi.nlm.nih.gov/sra?term=SRX870165'];['polyA RNA'];['Illumina HiSeq 2000'];SRR1794790;paired_end;class2
GSM1605507;strain: C57BL/6;tissue: Liver;age: 10 month;10;Male;genotype: Wild Type;GSE65772;['BioSample: https://www.ncbi.nlm.nih.gov/biosample/SAMN03333681';'SRA: https://www.ncbi.nlm.nih.gov/sra?term=SRX870166'];['polyA RNA'];['Illumina HiSeq 2000'];SRR1794791;paired_end;class2
GSM1605508;strain: C57BL/6;tissue: Liver;age: 10 month;10;Male;genotype: Wild Type;GSE65772;['BioSample: https://www.ncbi.nlm.nih.gov/biosample/SAMN03333758';'SRA: https://www.ncbi.nlm.nih.gov/sra?term=SRX870167'];['polyA RNA'];['Illumina HiSeq 2000'];SRR1794792;paired_end;class2
GSM1605509;strain: C57BL/6;tissue: Liver;age: 10 month;10;Male;genotype: Wild Type;GSE65772;['BioSample: https://www.ncbi.nlm.nih.gov/biosample/SAMN03333759';'SRA: https://www.ncbi.nlm.nih.gov/sra?term=SRX870168'];['polyA RNA'];['Illumina HiSeq 2000'];SRR1794793;paired_end;class2
GSM4369024;strain: C3H;tissue: Left liver lobes;time: 12 months;12;Male;Non-Irradiated Control_12 months;GSE146254;BioSample: https://www.ncbi.nlm.nih.gov/biosample/SAMN14260191;SRA: https://www.ncbi.nlm.nih.gov/sra?term=SRX7828793;total RNA;Illumina HiSeq 1500;SRR11216553;paired_end;class3
GSM4369025;strain: C3H;tissue: Left liver lobes;time: 12 months;12;Male;Non-Irradiated Control_12 months;GSE146254;BioSample: https://www.ncbi.nlm.nih.gov/biosample/SAMN14260190;SRA: https://www.ncbi.nlm.nih.gov/sra?term=SRX7828794;total RNA;Illumina HiSeq 1500;SRR11216554;paired_end;class3
GSM4369026;strain: C3H;tissue: Left liver lobes;time: 12 months;12;Male;Non-Irradiated Control_12 months;GSE146254;BioSample: https://www.ncbi.nlm.nih.gov/biosample/SAMN14260189;SRA: https://www.ncbi.nlm.nih.gov/sra?term=SRX7828795;total RNA;Illumina HiSeq 1500;SRR11216555;paired_end;class3
GSM4048717;;tissue: liver;age: 12 months;12;Female;genotype: Wild type;GSE136417;BioSample: https://www.ncbi.nlm.nih.gov/biosample/SAMN12642666;SRA: https://www.ncbi.nlm.nih.gov/sra?term=SRX6762215;total RNA;Illumina NovaSeq 6000;SRR10025177;paired_end;class3
GSM4048718;;tissue: liver;age: 12 months;12;Female;genotype: Wild type;GSE136417;BioSample: https://www.ncbi.nlm.nih.gov/biosample/SAMN12642665;SRA: https://www.ncbi.nlm.nih.gov/sra?term=SRX6762216;total RNA;Illumina NovaSeq 6000;SRR10025178;paired_end;class3
GSM4048719;;tissue: liver;age: 12 months;12;Female;genotype: Wild type;GSE136417;BioSample: https://www.ncbi.nlm.nih.gov/biosample/SAMN12642698;SRA: https://www.ncbi.nlm.nih.gov/sra?term=SRX6762217;total RNA;Illumina NovaSeq 6000;SRR10025179;paired_end;class3
GSM3815130;strain: UM-HET3;tissue: Liver;age: 12 months;12;Female;CR;GSE131754;GSE131901;BioSample: https://www.ncbi.nlm.nih.gov/biosample/SAMN11845990;total RNA;;SRR9119213;paired_end;class3
GSM3815131;strain: UM-HET3;tissue: Liver;age: 12 months;12;Female;CR;GSE131754;GSE131901;BioSample: https://www.ncbi.nlm.nih.gov/biosample/SAMN11845989;total RNA;;SRR9119214;paired_end;class3
GSM3815132;strain: UM-HET3;tissue: Liver;age: 12 months;12;Female;CR;GSE131754;GSE131901;BioSample: https://www.ncbi.nlm.nih.gov/biosample/SAMN11845988;total RNA;;SRR9119215;paired_end;class3
GSM3815133;strain: UM-HET3;tissue: Liver;age: 12 months;12;Male;CR;GSE131754;GSE131901;BioSample: https://www.ncbi.nlm.nih.gov/biosample/SAMN11845987;total RNA;;SRR9119216;paired_end;class3
GSM3815134;strain: UM-HET3;tissue: Liver;age: 12 months;12;Male;CR;GSE131754;GSE131901;BioSample: https://www.ncbi.nlm.nih.gov/biosample/SAMN11845986;total RNA;;SRR9119217;paired_end;class3
GSM3815135;strain: UM-HET3;tissue: Liver;age: 12 months;12;Male;CR;GSE131754;GSE131901;BioSample: https://www.ncbi.nlm.nih.gov/biosample/SAMN11846008;total RNA;;SRR9119218;paired_end;class3
GSM1845059;strain: C57BL/6;tissue: Liver;4months + 8 months =12 months;12;Male;;GSE71773;;;total RNA;SRX1140372;SRR2153299;single_end;class3
GSM1845069;strain: C57BL/6;tissue: Liver;4months + 8 months =12 months;12;Male;;GSE71773;;;total RNA;SRX1140380;SRR2153308;single_end;class3
GSM1845077;strain: C57BL/6;tissue: Liver;4months + 8 months =12 months;12;Male;;GSE71773;;;total RNA;SRX1140388;SRR2153316;single_end;class3
GSM4636089;strain: C57BL/6N;tissue: liver;age: 12 months;12;Male;diet: chow diet;GSE153222;;;total RNA;SRX8614864;SRR12088541;single_end;class3
GSM4636091;strain: C57BL/6N;tissue: liver;age: 12 months;12;Male;diet: chow diet;GSE153222;;;total RNA;SRX8614866;SRR12088543;single_end;class3
GSM4636093;strain: C57BL/6N;tissue: liver;age: 12 months;12;Male;diet: chow diet;GSE153222;;;;SRX8614868;SRR12088545;single_end;class3
GSM4636095;strain: C57BL/6N;tissue: liver;age: 12 months;12;Male;diet: chow diet;GSE153222;;;;SRX8614870;SRR12088547;single_end;class3
GSM2711588;strain: C57BL/6 NIA;;collection_time: Night (midnight-3am);12;Male;;GSE101657;BioSample: https://www.ncbi.nlm.nih.gov/biosample/SAMN07370855;SRA: https://www.ncbi.nlm.nih.gov/sra?term=SRX3020664;total RNA;Illumina HiSeq 2000;SRR5850782;single_end;class3
GSM2711589;strain: C57BL/6 NIA;;collection_time: Night (midnight-3am);12;Male;;GSE101657;BioSample: https://www.ncbi.nlm.nih.gov/biosample/SAMN07370854;SRA: https://www.ncbi.nlm.nih.gov/sra?term=SRX3020665;total RNA;Illumina HiSeq 2000;SRR5850784;single_end;class3
GSM2711590;strain: C57BL/6 NIA;;collection_time: Night (midnight-3am);12;Male;;GSE101657;BioSample: https://www.ncbi.nlm.nih.gov/biosample/SAMN07370853;SRA: https://www.ncbi.nlm.nih.gov/sra?term=SRX3020666;total RNA;Illumina HiSeq 2000;SRR5850786;single_end;class3
GSM2711591;strain: C57BL/6 NIA;;collection_time: Night (midnight-3am);12;Male;;GSE101657;BioSample: https://www.ncbi.nlm.nih.gov/biosample/SAMN07370852;SRA: https://www.ncbi.nlm.nih.gov/sra?term=SRX3020667;total RNA;Illumina HiSeq 2000;SRR5850788;single_end;class3
GSM2711592;strain: C57BL/6 NIA;;collection_time: Night (midnight-3am);12;Male;;GSE101657;BioSample: https://www.ncbi.nlm.nih.gov/biosample/SAMN07370851;SRA: https://www.ncbi.nlm.nih.gov/sra?term=SRX3020668;total RNA;Illumina HiSeq 2000;SRR5850790;single_end;class3
GSM3106739;;genotype: WT;age: 12 months;12;Male;;GSE97024;['BioSample: https://www.ncbi.nlm.nih.gov/biosample/SAMN08964553';'SRA: https://www.ncbi.nlm.nih.gov/sra?term=SRX3981789'];['total RNA'];['BGISEQ-500'];SRR7050690;single_end;class3
GSM3106740;;genotype: WT;age: 12 months;12;Male;;GSE97024;['BioSample: https://www.ncbi.nlm.nih.gov/biosample/SAMN08964552';'SRA: https://www.ncbi.nlm.nih.gov/sra?term=SRX3981790'];['total RNA'];['BGISEQ-500'];SRR7050691;single_end;class3
GSM3106741;;genotype: WT;age: 12 months;12;Male;;GSE97024;['BioSample: https://www.ncbi.nlm.nih.gov/biosample/SAMN08964563';'SRA: https://www.ncbi.nlm.nih.gov/sra?term=SRX3981791'];['total RNA'];['BGISEQ-500'];SRR7050692;single_end;class3
GSM3106742;;genotype: WT;age: 12 months;12;Female;;GSE97024;['BioSample: https://www.ncbi.nlm.nih.gov/biosample/SAMN08964562';'SRA: https://www.ncbi.nlm.nih.gov/sra?term=SRX3981792'];['total RNA'];['BGISEQ-500'];SRR7050693;single_end;class3
GSM3106743;;genotype: WT;age: 12 months;12;Female;;GSE97024;['BioSample: https://www.ncbi.nlm.nih.gov/biosample/SAMN08964559';'SRA: https://www.ncbi.nlm.nih.gov/sra?term=SRX3981793'];['total RNA'];['BGISEQ-500'];SRR7050694;single_end;class3
GSM3106744;;genotype: WT;age: 12 months;12;Female;;GSE97024;['BioSample: https://www.ncbi.nlm.nih.gov/biosample/SAMN08964558';'SRA: https://www.ncbi.nlm.nih.gov/sra?term=SRX3981794'];['total RNA'];['BGISEQ-500'];SRR7050695;single_end;class3
GSM4811701;strain: C57BL/6;organ: liver;age: 12.8;12;Male;;GSE158831;['BioSample: https://www.ncbi.nlm.nih.gov/biosample/SAMN16313453';;;;SRR12748632;paired_end;class3
GSM4811705;strain: C57BL/6;organ: liver;age: 12.8;12;Male;;GSE158831;['BioSample: https://www.ncbi.nlm.nih.gov/biosample/SAMN16313450';;;;SRR12748636;paired_end;class3
GSM4811709;strain: C57BL/6;organ: liver;age: 12.8;12;Male;;GSE158831;['BioSample: https://www.ncbi.nlm.nih.gov/biosample/SAMN16313477';;;;SRR12748640;paired_end;class3
GSM5567271;strain: C57BL/6J;tissue: liver;age: 52 weeks post natal;13;Female;genotype: wild type;GSE183666;;;['total RNA'];['Illumina HiSeq 4000'];SRR15809339;paired_end;class3
GSM5567272;strain: C57BL/6J;tissue: liver;age: 52 weeks post natal;13;Female;genotype: wild type;GSE183666;;;['total RNA'];['Illumina HiSeq 4000'];SRR15809340;paired_end;class3
GSM5567276;strain: C57BL/6J;tissue: liver;age: 52 weeks post natal;13;Male;genotype: wild type;GSE183666;['BioSample: https://www.ncbi.nlm.nih.gov/biosample/SAMN21356441';'SRA: https://www.ncbi.nlm.nih.gov/sra?term=SRX12101809'];['total RNA'];['Illumina HiSeq 4000'];SRR15809344;paired_end;class3
GSM5567277;strain: C57BL/6J;tissue: liver;age: 52 weeks post natal;13;Male;genotype: wild type;GSE183666;['BioSample: https://www.ncbi.nlm.nih.gov/biosample/SAMN21356442';'SRA: https://www.ncbi.nlm.nih.gov/sra?term=SRX12101810'];['total RNA'];['Illumina HiSeq 4000'];SRR15809345;paired_end;class3
GSM5567278;strain: C57BL/6J;tissue: liver;age: 52 weeks post natal;13;Male;genotype: wild type;GSE183666;['BioSample: https://www.ncbi.nlm.nih.gov/biosample/SAMN21356443';'SRA: https://www.ncbi.nlm.nih.gov/sra?term=SRX12101811'];['total RNA'];['Illumina HiSeq 4000'];SRR15809346;paired_end;class3
GSM5067082;strain C57Bl/6;tissue: liver;52-weeks;13;Female;;GSE159914;['BioSample: https://www.ncbi.nlm.nih.gov/biosample/SAMN17812716';'SRA: https://www.ncbi.nlm.nih.gov/sra?term=SRX10038109'];['total RNA'];['Illumina NovaSeq 6000'];SRR13640879;paired_end;class3
GSM5067083;strain C57Bl/6;tissue: liver;52-weeks;13;Female;;GSE159914;['BioSample: https://www.ncbi.nlm.nih.gov/biosample/SAMN17812715';'SRA: https://www.ncbi.nlm.nih.gov/sra?term=SRX10038110'];['total RNA'];['Illumina NovaSeq 6000'];SRR13640881;paired_end;class3
GSM5067084;strain C57Bl/6;tissue: liver;52-weeks;13;Female;;GSE159914;['BioSample: https://www.ncbi.nlm.nih.gov/biosample/SAMN17812714';'SRA: https://www.ncbi.nlm.nih.gov/sra?term=SRX10038111'];['total RNA'];['Illumina NovaSeq 6000'];SRR13640883;paired_end;class3
GSM4078645;strain: C3H/He;tissue type: Non-tumor;harvest time: 48 weeks +8week = 14 months;14;Male;;GSE137407;SRA:https://www.ncbi.nlm.nih.gov/sra?term=SRX6845409;total RNA;total RNA;SRX6845409;SRR10115869;paired_end;class3
GSM4078646;strain: C3H/He;tissue type: Non-tumor;harvest time: 48 weeks +8week = 14 months;14;Male;;GSE137407;BioSample: https://www.ncbi.nlm.nih.gov/biosample/SAMN12743504;SRA: https://www.ncbi.nlm.nih.gov/sra?term=SRX6845410;total RNA;Illumina HiSeq 2500;SRR10115870;paired_end;class3
GSM4078647;strain: C3H/He;tissue type: Non-tumor;harvest time: 48 weeks +8week = 14 months;14;Male;;GSE137407;;;total RNA;SRX6845411;SRR10115871;paired_end;class3
GSM4078648;strain: C3H/He;tissue type: Non-tumor;harvest time: 48 weeks +8week = 14 months;14;Male;;GSE137407;;;total RNA;SRX6845412;SRR10115872;paired_end;class3
GSM4078649;strain: C3H/He;tissue type: Non-tumor;harvest time: 48 weeks +8week = 14 months;14;Male;;GSE137407;BioSample: https://www.ncbi.nlm.nih.gov/biosample/SAMN12743501;SRA: https://www.ncbi.nlm.nih.gov/sra?term=SRX6845413;total RNA;Illumina HiSeq 2500;SRR10115873;paired_end;class3
GSM4078650;strain: C3H/He;tissue type: Non-tumor;harvest time: 48 weeks +8week = 14 months;14;Male;;GSE137407;;;total RNA;SRX6845414;SRR10115874;paired_end;class3
GSM4078651;strain: C3H/He;tissue type: Non-tumor;harvest time: 48 weeks +8week = 14 months;14;Male;;GSE137407;BioSample: https://www.ncbi.nlm.nih.gov/biosample/SAMN12743499;SRA: https://www.ncbi.nlm.nih.gov/sra?term=SRX6845415;total RNA;Illumina HiSeq 2500;SRR10115875;paired_end;class3
GSM4078652;strain: C3H/He;tissue type: Non-tumor;harvest time: 48 weeks +8week = 14 months;14;Male;;GSE137407;;;total RNA;SRX6845416;SRR10115876;paired_end;class3
GSM4078653;strain: C3H/He;tissue type: Non-tumor;harvest time: 48 weeks +8week = 14 months;14;Male;;GSE137407;;;total RNA;SRX6845417;SRR10115877;paired_end;class3
GSM4078654;strain: C3H/He;tissue type: Non-tumor;harvest time: 48 weeks +8week = 14 months;14;Male;;GSE137407;BioSample: https://www.ncbi.nlm.nih.gov/biosample/SAMN12743496;SRA: https://www.ncbi.nlm.nih.gov/sra?term=SRX6845418;total RNA;Illumina HiSeq 2500;SRR10115878;paired_end;class3
GSM4078655;strain: C3H/He;tissue type: Non-tumor;harvest time: 48 weeks +8week = 14 months;14;Male;;GSE137407;;;total RNA;SRX6845419;SRR10115879;paired_end;class3
GSM4078656;strain: C3H/He;tissue type: Non-tumor;harvest time: 48 weeks +8week = 14 months;14;Male;;GSE137407;;;total RNA;SRX6845420;SRR10115880;paired_end;class3
GSM2857389;;['Liver'];15-months;15;Female;genotype: Wild type;GSE106903;['BioSample: https://www.ncbi.nlm.nih.gov/biosample/SAMN08027290';'SRA: https://www.ncbi.nlm.nih.gov/sra?term=SRX3393549'];['polyA RNA'];;SRR6292438;single_end;class3
GSM2857390;;['Liver'];15-months;15;Female;genotype: Wild type;GSE106903;['BioSample: https://www.ncbi.nlm.nih.gov/biosample/SAMN08027289';'SRA: https://www.ncbi.nlm.nih.gov/sra?term=SRX3393550'];['polyA RNA'];;SRR6292439;single_end;class3
GSM4636097;strain: C57BL/6N;tissue: liver;age: 16 months;16;Male;diet: chow diet;GSE153222;;;;SRX8614872;SRR12088549;single_end;class3
GSM4636099;strain: C57BL/6N;tissue: liver;age: 16 months;16;Male;diet: chow diet;GSE153222;;;;SRX8614874;SRR12088551;single_end;class3
GSM4636101;strain: C57BL/6N;tissue: liver;age: 16 months;16;Male;diet: chow diet;GSE153222;;;;SRX8614876;SRR12088553;single_end;class3
GSM4636103;strain: C57BL/6N;tissue: liver;age: 16 months;16;Male;diet: chow diet;GSE153222;;;;SRX8614878;SRR12088555;single_end;class3
GSM4048724;;tissue: liver;age: 18 months;18;Female;;GSE136417;BioSample: https://www.ncbi.nlm.nih.gov/biosample/SAMN12642693;SRA: https://www.ncbi.nlm.nih.gov/sra?term=SRX6762222;total RNA;Illumina NovaSeq 6000;SRR10025184;paired_end;class4
GSM4048725;;tissue: liver;age: 18 months;18;Female;;GSE136417;BioSample: https://www.ncbi.nlm.nih.gov/biosample/SAMN12642691;SRA: https://www.ncbi.nlm.nih.gov/sra?term=SRX6762224;total RNA;Illumina NovaSeq 6000;SRR10025185;paired_end;class4
GSM4199386;strain: C57BL/6J;organ: Liver;age (months): 18;18;Male;;GSE141252;['BioSample: https://www.ncbi.nlm.nih.gov/biosample/SAMN13443196';'SRA: https://www.ncbi.nlm.nih.gov/sra?term=SRX7255393'];['total RNA'];['Illumina NextSeq 500'];SRR10573669;single_end;class4
GSM4199401;strain: C57BL/6J;organ: Liver;age (months): 18;18;Male;;GSE141252;['BioSample: https://www.ncbi.nlm.nih.gov/biosample/SAMN13443183';'SRA: https://www.ncbi.nlm.nih.gov/sra?term=SRX7255462'];['total RNA'];['Illumina NextSeq 500'];SRR10573684;single_end;class4
GSM4199417;strain: C57BL/6J;organ: Liver;age (months): 18;18;Male;;GSE141252;['BioSample: https://www.ncbi.nlm.nih.gov/biosample/SAMN13443340';'SRA: https://www.ncbi.nlm.nih.gov/sra?term=SRX7255026'];['total RNA'];['Illumina NextSeq 500'];SRR10573700;single_end;class4
GSM4199629;strain: C57BL/6J;organ: Liver;age (months): 18;18;Male;;GSE141252;['BioSample: https://www.ncbi.nlm.nih.gov/biosample/SAMN13443722';'SRA: https://www.ncbi.nlm.nih.gov/sra?term=SRX7255366'];['total RNA'];['Illumina NextSeq 500'];SRR10573912;single_end;class4
GSM4199646;strain: C57BL/6J;organ: Liver;age (months): 18;18;Male;;GSE141252;['BioSample: https://www.ncbi.nlm.nih.gov/biosample/SAMN13444036';'SRA: https://www.ncbi.nlm.nih.gov/sra?term=SRX7255431'];['total RNA'];['Illumina NextSeq 500'];SRR10573929;single_end;class4
GSM4199662;strain: C57BL/6J;organ: Liver;age (months): 18;18;Male;;GSE141252;['BioSample: https://www.ncbi.nlm.nih.gov/biosample/SAMN13443538';'SRA: https://www.ncbi.nlm.nih.gov/sra?term=SRX7255001'];['total RNA'];['Illumina NextSeq 500'];SRR10573945;single_end;class4
GSM1390723;strain: C57BL/6;tissue: liver;age: 21 months;21;Male;;GSE57809;;;total RNA;SRX547016;SRR1292215;paired_end;class4
GSM1390724;strain: C57BL/6;tissue: liver;age: 21 months;21;Male;;GSE57809;;;total RNA;SRX547017;SRR1292216;paired_end;class4
GSM1390725;strain: C57BL/6;tissue: liver;age: 21 months;21;Male;;GSE57809;;;total RNA;SRX547018;SRR1292217;paired_end;class4
GSM5737136;4F het;R26::rtTA het C57BL/6;age: 22 months;22;Female;;GSE190985 GSE190986;;;;;SRR17261763;single_end;class4
GSM5737137;4F het;R26::rtTA het C57BL/6;age: 22 months;22;Female;;GSE190985 GSE190986;;;;;SRR17261764;single_end;class4
GSM5737138;4F het;R26::rtTA het C57BL/6;age: 22 months;22;Male;;GSE190985 GSE190986;;;;;SRR17261765;single_end;class4
GSM5737022;strain: C57BL/6;;age: 22 months;22;Male;;GSE190985 GSE190986;;;;SRX13439801;SRR17261649;single_end;class4
GSM5737023;strain: C57BL/6;;age: 22 months;22;Male;;GSE190985 GSE190986;;;;SRX13439802;SRR17261650;single_end;class4
GSM5737024;strain: C57BL/6;;age: 22 months;22;Female;;GSE190985 GSE190986;;;;SRX13439803;SRR17261651;single_end;class4
GSM5737025;strain: C57BL/6;;age: 22 months;22;Female;;GSE190985 GSE190986;;;;SRX13439804;SRR17261652;single_end;class4
GSM5737026;strain: C57BL/6;;age: 22 months;22;Female;;GSE190985 GSE190986;;;;SRX13439805;SRR17261653;single_end;class4
GSM2363475;strain: Ames Dwarf;tissue: liver;22 months;22;Male;;GSE89272;['BioSample: https://www.ncbi.nlm.nih.gov/biosample/SAMN05950835';'SRA: https://www.ncbi.nlm.nih.gov/sra?term=SRX2279674'];;;SRR4473789;paired_end;class4
GSM2363476;strain: Ames Dwarf;tissue: liver;22 months;22;Male;;GSE89272;['BioSample: https://www.ncbi.nlm.nih.gov/biosample/SAMN05950834';'SRA: https://www.ncbi.nlm.nih.gov/sra?term=SRX2279675'];;;SRR4473790;paired_end;class4
GSM2363477;strain: Ames Dwarf;tissue: liver;22 months;22;Male;;GSE89272;['BioSample: https://www.ncbi.nlm.nih.gov/biosample/SAMN05950833';'SRA: https://www.ncbi.nlm.nih.gov/sra?term=SRX2279676'];;;SRR4473791;paired_end;class4
GSM4811694;strain: C57BL/6;organ: liver;age: 22.3;22;Male;;GSE158831;['BioSample: https://www.ncbi.nlm.nih.gov/biosample/SAMN16313460';'SRA: https://www.ncbi.nlm.nih.gov/sra?term=SRX9220858'];;;SRR12748625;paired_end;class4
GSM4811696;strain: C57BL/6;organ: liver;age: 22.3;22;Male;;GSE158831;['BioSample: https://www.ncbi.nlm.nih.gov/biosample/SAMN16313458';'SRA: https://www.ncbi.nlm.nih.gov/sra?term=SRX9220860'];;;SRR12748627;paired_end;class4
GSM4811698;strain: C57BL/6;organ: liver;age: 22.3;22;Male;;GSE158831;['BioSample: https://www.ncbi.nlm.nih.gov/biosample/SAMN16313456';'SRA: https://www.ncbi.nlm.nih.gov/sra?term=SRX9220862'];;;SRR12748629;paired_end;class4
GSM5510536;strain: C57Bl/6J;['Hepatocytes'];age: 24 months-old;24;Male;;GSE181761;['BioSample: https://www.ncbi.nlm.nih.gov/biosample/SAMN20693681';'SRA: https://www.ncbi.nlm.nih.gov/sra?term=SRX11704541'];['total RNA'];;SRR15402325;paired_end;class4
GSM5510537;strain: C57Bl/6J;['Hepatocytes'];age: 24 months-old;24;Male;;GSE181761;['BioSample: https://www.ncbi.nlm.nih.gov/biosample/SAMN20693682';'SRA: https://www.ncbi.nlm.nih.gov/sra?term=SRX11704542'];['total RNA'];;SRR15402326;paired_end;class4
GSM5510538;strain: C57Bl/6J;['Hepatocytes'];age: 24 months-old;24;Male;;GSE181761;['BioSample: https://www.ncbi.nlm.nih.gov/biosample/SAMN20693685';'SRA: https://www.ncbi.nlm.nih.gov/sra?term=SRX11704543'];['total RNA'];;SRR15402327;paired_end;class4
GSM3454515;;['Liver of old mice treated with Vehicle'];age: 24 months old;24;Female;;GSE122080;['BioSample: https://www.ncbi.nlm.nih.gov/biosample/SAMN10359487';'SRA: https://www.ncbi.nlm.nih.gov/sra?term=SRX4966013'];['total RNA'];;SRR8145407;single_end;class4
GSM3454516;;['Liver of old mice treated with Vehicle'];age: 24 months old;24;Female;;GSE122080;['BioSample: https://www.ncbi.nlm.nih.gov/biosample/SAMN10359486';'SRA: https://www.ncbi.nlm.nih.gov/sra?term=SRX4966014'];['total RNA'];;SRR8145408;single_end;class4
GSM3454517;;['Liver of old mice treated with Vehicle'];age: 24 months old;24;Female;;GSE122080;['BioSample: https://www.ncbi.nlm.nih.gov/biosample/SAMN10359485';'SRA: https://www.ncbi.nlm.nih.gov/sra?term=SRX4966015'];['total RNA'];;SRR8145409;single_end;class4
GSM3454518;;['Liver of old mice treated with Vehicle'];age: 24 months old;24;Female;;GSE122080;['BioSample: https://www.ncbi.nlm.nih.gov/biosample/SAMN10359484';'SRA: https://www.ncbi.nlm.nih.gov/sra?term=SRX4966016'];['total RNA'];;SRR8145410;single_end;class4
GSM3454519;;['Liver of old mice treated with Vehicle'];age: 24 months old;24;Female;;GSE122080;['BioSample: https://www.ncbi.nlm.nih.gov/biosample/SAMN10359483';'SRA: https://www.ncbi.nlm.nih.gov/sra?term=SRX4966017'];['total RNA'];;SRR8145411;single_end;class4
GSM3454520;;['Liver of old mice treated with Vehicle'];age: 24 months old;24;Female;;GSE122080;['BioSample: https://www.ncbi.nlm.nih.gov/biosample/SAMN10359482';'SRA: https://www.ncbi.nlm.nih.gov/sra?term=SRX4966018'];['total RNA'];;SRR8145412;single_end;class4
GSM4199337;strain: C57BL/6J;organ: Liver;age (months): 24;24;Male;;GSE141252;['BioSample: https://www.ncbi.nlm.nih.gov/biosample/SAMN13443217';'SRA: https://www.ncbi.nlm.nih.gov/sra?term=SRX7255168'];['total RNA'];['Illumina NextSeq 500'];SRR10573512;single_end;class4
GSM4199354;strain: C57BL/6J;organ: Liver;age (months): 24;24;Male;;GSE141252;['BioSample: https://www.ncbi.nlm.nih.gov/biosample/SAMN13443199';'SRA: https://www.ncbi.nlm.nih.gov/sra?term=SRX7255249'];['total RNA'];['Illumina NextSeq 500'];SRR10573637;single_end;class4
GSM4199371;strain: C57BL/6J;organ: Liver;age (months): 24;24;Male;;GSE141252;['BioSample: https://www.ncbi.nlm.nih.gov/biosample/SAMN13443242';'SRA: https://www.ncbi.nlm.nih.gov/sra?term=SRX7255282'];['total RNA'];['Illumina NextSeq 500'];SRR10573654;single_end;class4
GSM4199581;strain: C57BL/6J;organ: Liver;age (months): 24;24;Male;;GSE141252;['BioSample: https://www.ncbi.nlm.nih.gov/biosample/SAMN13443394';'SRA: https://www.ncbi.nlm.nih.gov/sra?term=SRX7255078'];['total RNA'];['Illumina NextSeq 500'];SRR10573864;single_end;class4
GSM4199598;strain: C57BL/6J;organ: Liver;age (months): 24;24;Male;;GSE141252;['BioSample: https://www.ncbi.nlm.nih.gov/biosample/SAMN13443463';'SRA: https://www.ncbi.nlm.nih.gov/sra?term=SRX7255239'];['total RNA'];['Illumina NextSeq 500'];SRR10573881;single_end;class4
GSM4199614;strain: C57BL/6J;organ: Liver;age (months): 24;24;Male;;GSE141252;['BioSample: https://www.ncbi.nlm.nih.gov/biosample/SAMN13443428';'SRA: https://www.ncbi.nlm.nih.gov/sra?term=SRX7255485'];['total RNA'];['Illumina NextSeq 500'];SRR10573897;single_end;class4
GSM5737076;4F het;R26::rtTA het C57BL/6;26 months;26;Male;;GSE190985 GSE190986;;;;;SRR17261703;single_end;class4
GSM5737077;4F het;R26::rtTA het C57BL/6;26 months;26;Male;;GSE190985 GSE190986;;;;;SRR17261704;single_end;class4
GSM5737078;4F het;R26::rtTA het C57BL/6;26 months;26;Female;;GSE190985 GSE190986;;;;;SRR17261705;single_end;class4
GSM2430558;strain: C3B6F1;tissue: liver;age: 26 months;26;Female;;GSE92486;BioSample: https://www.ncbi.nlm.nih.gov/biosample/SAMN06158693 SRA: https://www.ncbi.nlm.nih.gov/sra?term=SRX2431047;;total RNA;SRX2431047;SRR5115673;paired_end;class4
GSM2430559;strain: C3B6F1;tissue: liver;age: 26 months;26;Female;;GSE92486;BioSample: https://www.ncbi.nlm.nih.gov/biosample/SAMN06158695 SRA: https://www.ncbi.nlm.nih.gov/sra?term=SRX2431045;;total RNA;SRX2431045;SRR5115674;paired_end;class4
GSM2430560;strain: C3B6F1;tissue: liver;age: 26 months;26;Female;;GSE92486;BioSample: https://www.ncbi.nlm.nih.gov/biosample/SAMN06158694 SRA: https://www.ncbi.nlm.nih.gov/sra?term=SRX2431046;;total RNA;SRX2431046;SRR5115675;paired_end;class4